"","country","continent","year","lifeExp","pop","gdpPercap"
"1","Rwanda","Africa",1992,23.599,7290203,737.0685949
"2","Afghanistan","Asia",1952,28.801,8425333,779.4453145
"3","Gambia","Africa",1952,30,284320,485.2306591
"4","Angola","Africa",1952,30.015,4232095,3520.610273
"5","Sierra Leone","Africa",1952,30.331,2143249,879.7877358
"6","Afghanistan","Asia",1957,30.332,9240934,820.8530296
"7","Cambodia","Asia",1977,31.22,6978607,524.9721832
"8","Mozambique","Africa",1952,31.286,6446316,468.5260381
"9","Sierra Leone","Africa",1957,31.57,2295678,1004.484437
"10","Burkina Faso","Africa",1952,31.975,4469979,543.2552413
"11","Afghanistan","Asia",1962,31.997,10267083,853.10071
"12","Angola","Africa",1957,31.999,4561361,3827.940465
"13","Gambia","Africa",1957,32.065,323150,520.9267111
"14","Guinea-Bissau","Africa",1952,32.5,580653,299.850319
"15","Yemen, Rep.","Asia",1952,32.548,4963829,781.7175761
"16","Sierra Leone","Africa",1962,32.767,2467895,1116.639877
"17","Somalia","Africa",1952,32.978,2526994,1135.749842
"18","Guinea-Bissau","Africa",1957,33.489,601095,431.7904566
"19","Guinea","Africa",1952,33.609,2664249,510.1964923
"20","Mali","Africa",1952,33.685,3838168,452.3369807
"21","Mozambique","Africa",1957,33.779,7038035,495.5868333
"22","Gambia","Africa",1962,33.896,374020,599.650276
"23","Yemen, Rep.","Asia",1957,33.97,5498090,804.8304547
"24","Angola","Africa",1962,34,4826015,4269.276742
"25","Afghanistan","Asia",1967,34.02,11537966,836.1971382
"26","Ethiopia","Africa",1952,34.078,20860941,362.1462796
"27","Sierra Leone","Africa",1967,34.113,2662190,1206.043465
"28","Equatorial Guinea","Africa",1952,34.482,216964,375.6431231
"29","Guinea-Bissau","Africa",1962,34.488,627820,522.0343725
"30","Guinea","Africa",1957,34.558,2876726,576.2670245
"31","Djibouti","Africa",1952,34.812,63149,2669.529475
"32","Burkina Faso","Africa",1957,34.906,4713416,617.1834648
"33","Somalia","Africa",1957,34.977,2780415,1258.147413
"34","Yemen, Rep.","Asia",1962,35.18,6120081,825.6232006
"35","Mali","Africa",1957,35.307,4241884,490.3821867
"36","Sierra Leone","Africa",1972,35.4,2879013,1353.759762
"37","Central African Republic","Africa",1952,35.463,1291695,1071.310713
"38","Guinea-Bissau","Africa",1967,35.492,601287,715.5806402
"39","Guinea","Africa",1962,35.753,3140003,686.3736739
"40","Gambia","Africa",1967,35.857,439593,734.7829124
"41","Eritrea","Africa",1952,35.928,1438760,328.9405571
"42","Equatorial Guinea","Africa",1957,35.983,232922,426.0964081
"43","Angola","Africa",1967,35.985,5247469,5522.776375
"44","Rwanda","Africa",1997,36.087,7212583,589.9445051
"45","Afghanistan","Asia",1972,36.088,13079460,739.9811058
"46","Nepal","Asia",1952,36.157,9182536,545.8657229
"47","Mozambique","Africa",1962,36.161,7788944,556.6863539
"48","Malawi","Africa",1952,36.256,2917802,369.1650802
"49","Myanmar","Asia",1952,36.319,20092996,331
"50","Nigeria","Africa",1952,36.324,33119096,1077.281856
"51","Guinea-Bissau","Africa",1972,36.486,625361,820.2245876
"52","Ethiopia","Africa",1957,36.667,22815614,378.9041632
"53","Madagascar","Africa",1952,36.681,4762912,1443.011715
"54","Sierra Leone","Africa",1977,36.788,3140897,1348.285159
"55","Mali","Africa",1962,36.936,4690372,496.1743428
"56","Somalia","Africa",1962,36.981,3080153,1369.488336
"57","Yemen, Rep.","Asia",1967,36.984,6740785,862.4421463
"58","Gabon","Africa",1952,37.003,420702,4293.476475
"59","Guinea","Africa",1967,37.197,3451418,708.7595409
"60","Malawi","Africa",1957,37.207,3221238,416.3698064
"61","Senegal","Africa",1952,37.278,2755589,1450.356983
"62","Djibouti","Africa",1957,37.328,71851,2864.969076
"63","India","Asia",1952,37.373,372000000,546.5657493
"64","Niger","Africa",1952,37.444,3379468,761.879376
"65","Central African Republic","Africa",1957,37.464,1392284,1190.844328
"66","Guinea-Bissau","Africa",1977,37.465,745228,764.7259628
"67","Indonesia","Asia",1952,37.468,82052000,749.6816546
"68","Bangladesh","Asia",1952,37.484,46886859,684.2441716
"69","Equatorial Guinea","Africa",1962,37.485,249220,582.8419714
"70","Oman","Asia",1952,37.578,507833,1828.230307
"71","Haiti","Americas",1952,37.579,3201488,1840.366939
"72","Nepal","Asia",1957,37.686,9682338,597.9363558
"73","Nigeria","Africa",1957,37.802,37173340,1100.592563
"74","Burkina Faso","Africa",1962,37.814,4919632,722.5120206
"75","Angola","Africa",1972,37.928,5894858,5473.288005
"76","Eritrea","Africa",1957,38.047,1542611,344.1618859
"77","Chad","Africa",1952,38.092,2682462,1178.665927
"78","Mozambique","Africa",1967,38.113,8680909,566.6691539
"79","Benin","Africa",1952,38.223,1738315,1062.7522
"80","Gambia","Africa",1972,38.308,517101,756.0868363
"81","Sierra Leone","Africa",1992,38.333,4260884,1068.696278
"82","Malawi","Africa",1962,38.41,3628608,427.9010856
"83","Afghanistan","Asia",1977,38.438,14880372,786.11336
"84","Sierra Leone","Africa",1982,38.445,3464522,1465.010784
"85","Liberia","Africa",1952,38.48,863308,575.5729961
"86","Mali","Africa",1967,38.487,5212416,545.0098873
"87","Cameroon","Africa",1952,38.523,5009067,1172.667655
"88","Togo","Africa",1952,38.596,1219113,859.8086567
"89","Niger","Africa",1957,38.598,3692184,835.5234025
"90","Sudan","Africa",1952,38.635,8504667,1615.991129
"91","Guinea","Africa",1972,38.842,3811387,741.6662307
"92","Madagascar","Africa",1957,38.865,5181679,1589.20275
"93","Somalia","Africa",1967,38.977,3428839,1284.73318
"94","Equatorial Guinea","Africa",1967,38.987,259864,915.5960025
"95","Gabon","Africa",1957,38.999,434904,4976.198099
"96","Burundi","Africa",1952,39.031,2445618,339.2964587
"97","Congo, Dem. Rep.","Africa",1952,39.143,14100005,780.5423257
"98","Zambia","Africa",2002,39.193,10595811,1071.613938
"99","Guinea-Bissau","Africa",1982,39.327,825987,838.1239671
"100","Senegal","Africa",1957,39.329,3054547,1567.653006
"101","Bangladesh","Asia",1957,39.348,51365468,661.6374577
"102","Nigeria","Africa",1962,39.36,41871351,1150.927478
"103","Nepal","Asia",1962,39.393,10332057,652.3968593
"104","Cambodia","Asia",1952,39.417,4693836,368.4692856
"105","Central African Republic","Africa",1962,39.475,1523478,1193.068753
"106","Angola","Africa",1977,39.483,6162675,3008.647355
"107","Liberia","Africa",1957,39.486,975950,620.9699901
"108","Malawi","Africa",1967,39.487,4147252,495.5147806
"109","Niger","Africa",1962,39.487,4076008,997.7661127
"110","Swaziland","Africa",2007,39.613,1133066,4513.480643
"111","Sudan","Africa",1957,39.624,9753392,1770.337074
"112","Somalia","Africa",1992,39.658,6099799,926.9602964
"113","Djibouti","Africa",1962,39.693,89898,3020.989263
"114","Yemen, Rep.","Asia",1972,39.848,7407075,1265.047031
"115","Afghanistan","Asia",1982,39.854,12881816,978.0114388
"116","Saudi Arabia","Asia",1952,39.875,4005677,6459.554823
"117","Chad","Africa",1957,39.881,2894855,1308.495577
"118","Sierra Leone","Africa",1997,39.897,4578212,574.6481576
"119","Angola","Africa",1987,39.906,7874230,2430.208311
"120","Indonesia","Asia",1957,39.918,90124000,858.9002707
"121","Angola","Africa",1982,39.942,7016384,2756.953672
"122","Mali","Africa",1972,39.977,5828158,581.3688761
"123","Uganda","Africa",1952,39.978,5824797,734.753484
"124","Zimbabwe","Africa",2002,39.989,11926563,672.0386227
"125","Rwanda","Africa",1952,40,2534927,493.3238752
"126","Sierra Leone","Africa",1987,40.006,3868905,1294.447788
"127","Ethiopia","Africa",1962,40.059,25145372,419.4564161
"128","Oman","Asia",1957,40.08,561977,2242.746551
"129","Niger","Africa",1967,40.118,4534062,1054.384891
"130","Eritrea","Africa",1962,40.158,1666618,380.9958433
"131","Zambia","Africa",1997,40.238,9417789,1071.353818
"132","India","Asia",1957,40.249,409000000,590.061996
"133","Cambodia","Asia",1972,40.317,7450606,421.6240257
"134","Mozambique","Africa",1972,40.328,9809596,724.9178037
"135","Benin","Africa",1957,40.358,1925173,959.6010805
"136","Vietnam","Asia",1952,40.412,26246839,605.0664917
"137","Bolivia","Americas",1952,40.414,2883315,2677.326347
"138","Cameroon","Africa",1957,40.428,5359923,1313.048099
"139","Cote d'Ivoire","Africa",1952,40.477,2977019,1388.594732
"140","Gabon","Africa",1962,40.489,455661,6631.459222
"141","Liberia","Africa",1962,40.502,1112796,634.1951625
"142","Equatorial Guinea","Africa",1972,40.516,277603,672.4122571
"143","Burundi","Africa",1957,40.533,2667518,379.5646281
"144","Mauritania","Africa",1952,40.543,1022556,743.1159097
"145","Niger","Africa",1972,40.546,5060262,954.2092363
"146","Angola","Africa",1992,40.647,8735988,2627.845685
"147","Congo, Dem. Rep.","Africa",1957,40.652,15577932,905.8602303
"148","Haiti","Americas",1957,40.696,3507701,1726.887882
"149","Burkina Faso","Africa",1967,40.697,5127935,794.8265597
"150","Comoros","Africa",1952,40.715,153936,1102.990936
"151","Guinea","Africa",1977,40.762,4227026,874.6858643
"152","Liberia","Africa",1992,40.802,1912974,636.6229191
"153","Afghanistan","Asia",1987,40.822,13867957,852.3959448
"154","Madagascar","Africa",1962,40.848,5703324,1643.38711
"155","Sudan","Africa",1962,40.87,11183227,1959.593767
"156","Angola","Africa",1997,40.963,9875024,2277.140884
"157","Somalia","Africa",1972,40.973,3840161,1254.576127
"158","Angola","Africa",2002,41.003,10866106,2773.287312
"159","Sierra Leone","Africa",2002,41.012,5359092,699.489713
"160","Nigeria","Africa",1967,41.04,47287752,1014.514104
"161","Togo","Africa",1957,41.208,1357445,925.9083202
"162","Tanzania","Africa",1952,41.215,8322925,716.6500721
"163","Bangladesh","Asia",1962,41.216,56839289,686.3415538
"164","Guinea-Bissau","Africa",1987,41.245,927524,736.4153921
"165","Niger","Africa",1977,41.291,5682086,808.8970728
"166","Cambodia","Asia",1957,41.366,5322536,434.0383364
"167","Swaziland","Africa",1952,41.407,290243,1148.376626
"168","Senegal","Africa",1962,41.454,3430243,1654.988723
"169","Nepal","Asia",1967,41.472,11261690,676.4422254
"170","Central African Republic","Africa",1967,41.478,1733638,1136.056615
"171","Rwanda","Africa",1957,41.5,2822082,540.2893983
"172","Liberia","Africa",1967,41.536,1279406,713.6036483
"173","Afghanistan","Asia",1992,41.674,16317921,649.3413952
"174","Mali","Africa",1977,41.714,6491649,686.3952693
"175","Chad","Africa",1962,41.716,3150417,1389.817618
"176","Namibia","Africa",1952,41.725,485831,2423.780443
"177","Afghanistan","Asia",1997,41.763,22227415,635.341351
"178","Malawi","Africa",1972,41.766,4730997,584.6219709
"179","Gambia","Africa",1977,41.842,608274,884.7552507
"180","Bolivia","Americas",1957,41.89,3211738,2127.686326
"181","Egypt","Africa",1952,41.893,22223309,1418.822445
"182","Myanmar","Asia",1957,41.905,21731844,350
"183","Honduras","Americas",1952,41.912,1517453,2194.926204
"184","Somalia","Africa",1977,41.974,4353666,1450.992513
"185","Guatemala","Americas",1952,42.023,3146381,2428.237769
"186","Equatorial Guinea","Africa",1977,42.024,192675,958.5668124
"187","Zambia","Africa",1952,42.038,2672000,1147.388831
"188","Burundi","Africa",1962,42.045,2961915,355.2032273
"189","Djibouti","Africa",1967,42.074,127617,3020.050513
"190","Mozambique","Africa",2007,42.082,19951656,823.6856205
"191","Congo, Rep.","Africa",1952,42.111,854885,2125.621418
"192","Ethiopia","Africa",1967,42.115,27860297,516.1186438
"193","Congo, Dem. Rep.","Africa",1962,42.122,17486434,896.3146335
"194","Afghanistan","Asia",2002,42.129,25268405,726.7340548
"195","Lesotho","Africa",1952,42.138,748747,298.8462121
"196","Eritrea","Africa",1967,42.189,1820319,468.7949699
"197","Liberia","Africa",1997,42.221,2200725,609.1739508
"198","Mongolia","Asia",1952,42.244,800663,786.5668575
"199","Kenya","Africa",1952,42.27,6464046,853.540919
"200","Nicaragua","Americas",1952,42.314,1165790,3112.363948
"201","Mauritania","Africa",1957,42.338,1076852,846.1202613
"202","Zambia","Africa",2007,42.384,11746035,1271.211593
"203","Comoros","Africa",1957,42.46,170928,1211.148548
"204","Cote d'Ivoire","Africa",1957,42.469,3300000,1500.895925
"205","Mozambique","Africa",1977,42.495,11127868,502.3197334
"206","Indonesia","Asia",1962,42.518,99028000,849.2897701
"207","Sierra Leone","Africa",2007,42.568,6144562,862.5407561
"208","Uganda","Africa",1957,42.571,6675501,774.3710692
"209","Congo, Dem. Rep.","Africa",1997,42.587,47798986,312.188423
"210","Lesotho","Africa",2007,42.592,2012649,1569.331442
"211","Niger","Africa",1982,42.598,6437188,909.7221354
"212","Liberia","Africa",1972,42.614,1482628,803.0054535
"213","Benin","Africa",1962,42.618,2151895,949.4990641
"214","Cameroon","Africa",1962,42.643,5793633,1399.607441
"215","Libya","Africa",1952,42.723,1019729,2387.54806
"216","Angola","Africa",2007,42.731,12420476,4797.231267
"217","Mozambique","Africa",1982,42.795,12587223,462.2114149
"218","Nigeria","Africa",1972,42.821,53740085,1698.388838
"219","Sudan","Africa",1967,42.858,12716129,1687.997641
"220","Mozambique","Africa",1987,42.861,12891952,389.8761846
"221","Saudi Arabia","Asia",1957,42.868,4419650,8157.591248
"222","Morocco","Africa",1952,42.873,9939217,1688.20357
"223","Madagascar","Africa",1967,42.881,6334556,1634.047282
"224","Vietnam","Asia",1957,42.887,28998543,676.2854478
"225","Guinea","Africa",1982,42.891,4710497,857.2503577
"226","Somalia","Africa",1982,42.955,5828892,1176.807031
"227","Tanzania","Africa",1957,42.974,9452826,698.5356073
"228","Rwanda","Africa",1962,43,3051242,597.4730727
"229","Algeria","Africa",1952,43.077,9279525,2449.008185
"230","Ghana","Africa",1952,43.149,5581001,911.2989371
"231","Jordan","Asia",1952,43.158,607914,1546.907807
"232","West Bank and Gaza","Asia",1952,43.16,1030585,1515.592329
"233","Oman","Asia",1962,43.165,628164,2924.638113
"234","Guinea-Bissau","Africa",1992,43.266,1050938,745.5398706
"235","Central African Republic","Africa",2002,43.308,4048013,738.6906068
"236","Rwanda","Africa",2002,43.413,7852401,785.6537648
"237","Cambodia","Asia",1962,43.415,6083619,496.9136476
"238","Swaziland","Africa",1957,43.424,326741,1244.708364
"239","Bolivia","Americas",1962,43.428,3593918,2180.972546
"240","Pakistan","Asia",1952,43.436,41346560,684.5971438
"241","Bangladesh","Asia",1967,43.453,62821884,721.1860862
"242","Central African Republic","Africa",1972,43.457,1927260,1070.013275
"243","Zimbabwe","Africa",2007,43.487,12311143,469.7092981
"244","Ethiopia","Africa",1972,43.515,30770372,566.2439442
"245","Burundi","Africa",1967,43.548,3330989,412.9775136
"246","Senegal","Africa",1967,43.563,3965841,1612.404632
"247","Turkey","Europe",1952,43.585,22235677,1969.10098
"248","Haiti","Americas",1962,43.59,3880130,1796.589032
"249","Burkina Faso","Africa",1972,43.591,5433886,854.7359763
"250","Chad","Africa",1967,43.601,3495967,1196.810565
"251","India","Asia",1962,43.605,454000000,658.3471509
"252","Equatorial Guinea","Africa",1982,43.662,285483,927.8253427
"253","Liberia","Africa",2002,43.753,2814651,531.4823679
"254","Liberia","Africa",1977,43.764,1703617,640.3224383
"255","Malawi","Africa",1977,43.767,5637246,663.2236766
"256","Somalia","Africa",1997,43.795,6633514,930.5964284
"257","Afghanistan","Asia",2007,43.828,31889923,974.5803384
"258","Swaziland","Africa",2002,43.869,1130269,4128.116943
"259","Eritrea","Africa",1982,43.89,2637297,524.8758493
"260","Peru","Americas",1952,43.902,8025700,3758.523437
"261","Mali","Africa",1982,43.916,6998256,618.0140641
"262","Togo","Africa",1962,43.922,1528098,1067.53481
"263","Nepal","Asia",1972,43.971,12412593,674.7881296
"264","China","Asia",1952,44,556263527,400.448611
"265","Rwanda","Africa",1987,44.02,6349365,847.991217
"266","Mozambique","Africa",2002,44.026,18473780,633.6179466
"267","Congo, Dem. Rep.","Africa",1967,44.056,19941073,861.5932424
"268","Burundi","Africa",1972,44.057,3529983,464.0995039
"269","Zambia","Africa",1957,44.077,3016000,1311.956766
"270","Rwanda","Africa",1967,44.1,3451079,510.9637142
"271","Eritrea","Africa",1972,44.142,2260187,514.3242082
"272","Guatemala","Americas",1957,44.142,3640876,2617.155967
"273","Yemen, Rep.","Asia",1977,44.175,8403990,1829.765177
"274","Tanzania","Africa",1962,44.246,10863958,722.0038073
"275","Mauritania","Africa",1962,44.248,1146757,1055.896036
"276","Mozambique","Africa",1992,44.284,13160731,410.8968239
"277","Djibouti","Africa",1972,44.366,178848,3694.212352
"278","Egypt","Africa",1957,44.444,25009741,1458.915272
"279","Comoros","Africa",1962,44.467,191689,1406.648278
"280","Somalia","Africa",1987,44.501,6921858,1093.244963
"281","China","Asia",1962,44.50136,665770000,487.6740183
"282","Ethiopia","Africa",1977,44.51,34617799,556.8083834
"283","Nigeria","Africa",1977,44.514,62209173,1981.951806
"284","Eritrea","Africa",1977,44.535,2512642,505.7538077
"285","Niger","Africa",1987,44.555,7332638,668.3000228
"286","Uganda","Africa",1997,44.578,21210254,816.559081
"287","Lesotho","Africa",2002,44.593,2046772,1275.184575
"288","Gabon","Africa",1967,44.598,489004,8358.761987
"289","Rwanda","Africa",1972,44.6,3992121,590.5806638
"290","Tunisia","Africa",1952,44.6,3647735,1468.475631
"291","Honduras","Americas",1957,44.665,1770390,2220.487682
"292","Kenya","Africa",1957,44.686,7454779,944.4383152
"293","Burundi","Africa",1992,44.736,5809236,631.6998778
"294","Central African Republic","Africa",2007,44.741,4369038,706.016537
"295","Ghana","Africa",1957,44.779,6391288,1043.561537
"296","Cameroon","Africa",1967,44.799,6335506,1508.453148
"297","Madagascar","Africa",1972,44.851,7082430,1748.562982
"298","Liberia","Africa",1982,44.852,1956875,572.1995694
"299","Iran","Asia",1952,44.869,17272000,3035.326002
"300","Guinea-Bissau","Africa",1997,44.873,1193708,796.6644681
"301","Benin","Africa",1967,44.885,2427334,1035.831411
"302","Ethiopia","Africa",1982,44.916,38111756,577.8607471
"303","Cote d'Ivoire","Africa",1962,44.93,3832408,1728.869428
"304","Congo, Dem. Rep.","Africa",2002,44.966,55379852,241.1658765
"305","Swaziland","Africa",1962,44.992,370006,1856.182125
"306","Rwanda","Africa",1977,45,4657072,670.0806011
"307","Malawi","Africa",2002,45.009,11824495,665.4231186
"308","South Africa","Africa",1952,45.009,14264935,4725.295531
"309","Bolivia","Americas",1967,45.032,4040665,2586.886053
"310","Lesotho","Africa",1957,45.047,813338,335.9971151
"311","Congo, Rep.","Africa",1957,45.053,940458,2315.056572
"312","Sudan","Africa",1972,45.083,14597019,1659.652775
"313","Myanmar","Asia",1962,45.108,23634436,388
"314","Namibia","Africa",1957,45.226,548080,2621.448058
"315","Mongolia","Asia",1957,45.248,882134,912.6626085
"316","Bangladesh","Asia",1972,45.252,70759295,630.2336265
"317","El Salvador","Americas",1952,45.262,2042865,3048.3029
"318","Libya","Africa",1957,45.289,1201578,3448.284395
"319","Iraq","Asia",1952,45.32,5441766,4129.766056
"320","Burundi","Africa",1997,45.326,6121610,463.1151478
"321","Uganda","Africa",1962,45.344,7688797,767.2717398
"322","Vietnam","Asia",1962,45.363,33796140,772.0491602
"323","Cambodia","Asia",1967,45.415,6960067,523.4323142
"324","Morocco","Africa",1957,45.423,11406350,1642.002314
"325","Nicaragua","Americas",1957,45.432,1358828,3457.415947
"326","Guinea-Bissau","Africa",2002,45.504,1332459,575.7047176
"327","Congo, Dem. Rep.","Africa",1992,45.548,41672143,457.7191807
"328","Guinea","Africa",1987,45.552,5650262,805.5724718
"329","Pakistan","Asia",1957,45.557,46679944,747.0835292
"330","Chad","Africa",1972,45.569,3899068,1104.103987
"331","Gambia","Africa",1982,45.58,715523,835.8096108
"332","Malawi","Africa",1982,45.642,6502825,632.8039209
"333","Equatorial Guinea","Africa",1987,45.664,341244,966.8968149
"334","Jordan","Asia",1957,45.669,746559,1886.080591
"335","West Bank and Gaza","Asia",1957,45.671,1070439,1827.067742
"336","Liberia","Africa",2007,45.678,3193942,414.5073415
"337","Algeria","Africa",1957,45.685,10270856,3013.976023
"338","Tanzania","Africa",1967,45.757,12607312,848.2186575
"339","Senegal","Africa",1972,45.815,4588696,1597.712056
"340","Nigeria","Africa",1982,45.826,73039376,1576.97375
"341","Syria","Asia",1952,45.883,3661549,1643.485354
"342","Burundi","Africa",1977,45.91,3834415,556.1032651
"343","Saudi Arabia","Asia",1962,45.914,4943029,11626.41975
"344","Dominican Republic","Americas",1952,45.928,2491346,1397.717137
"345","Somalia","Africa",2002,45.936,7753310,882.0818218
"346","Indonesia","Asia",1967,45.964,109343000,762.4317721
"347","Congo, Dem. Rep.","Africa",1972,45.989,23007669,904.8960685
"348","Zambia","Africa",1962,46.023,3421000,1452.725766
"349","Liberia","Africa",1987,46.027,2269414,506.1138573
"350","Central African Republic","Africa",1997,46.066,3696513,740.5063317
"351","Zambia","Africa",1992,46.1,8381163,1210.884633
"352","Burkina Faso","Africa",1977,46.137,5889574,743.3870368
"353","Rwanda","Africa",1982,46.218,5507565,881.5706467
"354","Rwanda","Africa",2007,46.242,8860588,863.0884639
"355","Haiti","Americas",1967,46.243,4318137,1452.057666
"356","Peru","Americas",1957,46.263,9146100,4245.256698
"357","Mauritania","Africa",1967,46.289,1230542,1421.145193
"358","Mozambique","Africa",1997,46.344,16603334,472.3460771
"359","Mali","Africa",1987,46.364,7634008,684.1715576
"360","Guinea-Bissau","Africa",2007,46.388,1472041,579.231743
"361","Ghana","Africa",1962,46.452,7355248,1190.041118
"362","Eritrea","Africa",1987,46.453,2915959,521.1341333
"363","Congo, Dem. Rep.","Africa",2007,46.462,64606759,277.5518587
"364","Sao Tome and Principe","Africa",1952,46.471,60011,879.5835855
"365","Comoros","Africa",1967,46.472,217378,1876.029643
"366","Djibouti","Africa",1977,46.519,228694,3081.761022
"367","Nigeria","Africa",2002,46.608,119901274,1615.286395
"368","Swaziland","Africa",1967,46.633,420690,2613.101665
"369","Botswana","Africa",2002,46.634,1630347,11003.60508
"370","Ethiopia","Africa",1987,46.684,42999530,573.7413142
"371","Bolivia","Americas",1972,46.714,4565872,2980.331339
"372","Nepal","Asia",1977,46.748,13933198,694.1124398
"373","Togo","Africa",1967,46.769,1735550,1477.59676
"374","Central African Republic","Africa",1977,46.775,2167533,1109.374338
"375","Zimbabwe","Africa",1997,46.809,11404948,792.4499603
"376","Cote d'Ivoire","Africa",2002,46.832,16252726,1648.800823
"377","Nigeria","Africa",2007,46.859,135031164,2013.977305
"378","Madagascar","Africa",1977,46.881,8007166,1544.228586
"379","Nigeria","Africa",1987,46.886,81551520,1385.029563
"380","Bangladesh","Asia",1977,46.923,80428306,659.8772322
"381","Guatemala","Americas",1962,46.954,4208858,2750.364446
"382","Oman","Asia",1967,46.988,714775,4720.942687
"383","Egypt","Africa",1962,46.992,28173309,1693.335853
"384","Benin","Africa",1972,47.014,2761407,1085.796879
"385","Cameroon","Africa",1972,47.049,7021028,1684.146528
"386","Tunisia","Africa",1957,47.1,3950849,1395.232468
"387","Iran","Asia",1957,47.181,19792000,3290.257643
"388","India","Asia",1967,47.193,506000000,700.7706107
"389","Cote d'Ivoire","Africa",1967,47.35,4744870,2052.050473
"390","Burundi","Africa",2002,47.36,7021078,446.4035126
"391","Chad","Africa",1977,47.383,4388260,1133.98495
"392","Niger","Africa",1992,47.391,8392818,581.182725
"393","Congo, Dem. Rep.","Africa",1987,47.412,35481645,672.774812
"394","Korea, Rep.","Asia",1952,47.453,20947571,1030.592226
"395","Malawi","Africa",1987,47.457,7824747,635.5173634
"396","Nigeria","Africa",1997,47.464,106207839,1624.941275
"397","Burundi","Africa",1982,47.471,4580410,559.603231
"398","Nigeria","Africa",1992,47.472,93364244,1619.848217
"399","Malawi","Africa",1997,47.495,10419991,692.2758103
"400","Equatorial Guinea","Africa",1992,47.545,387838,1132.055034
"401","Tanzania","Africa",1972,47.62,14706593,915.9850592
"402","Botswana","Africa",1952,47.622,442308,851.2411407
"403","Pakistan","Asia",1962,47.67,53100671,803.3427418
"404","Lesotho","Africa",1962,47.747,893143,411.8006266
"405","Philippines","Asia",1952,47.752,22438691,1272.880995
"406","Zambia","Africa",1967,47.768,3900000,1777.077318
"407","Congo, Dem. Rep.","Africa",1982,47.784,30646495,673.7478181
"408","Sudan","Africa",1977,47.8,17104986,2202.988423
"409","Congo, Dem. Rep.","Africa",1977,47.804,26480870,795.757282
"410","Libya","Africa",1962,47.808,1441863,6757.030816
"411","Uganda","Africa",2002,47.813,24739869,927.7210018
"412","Vietnam","Asia",1967,47.838,39463910,637.1232887
"413","Morocco","Africa",1962,47.924,13056604,1566.353493
"414","Kenya","Africa",1962,47.949,8678557,896.9663732
"415","South Africa","Africa",1957,47.985,16151549,5487.104219
"416","Cote d'Ivoire","Africa",1997,47.991,14625967,1786.265407
"417","Honduras","Americas",1962,48.041,2090162,2291.156835
"418","Haiti","Americas",1972,48.042,4698301,1654.456946
"419","Uganda","Africa",1967,48.051,8900294,908.9185217
"420","Ghana","Africa",1967,48.072,8490213,1125.69716
"421","Turkey","Europe",1957,48.079,25670939,2218.754257
"422","Ethiopia","Africa",1992,48.091,52088559,421.3534653
"423","Burkina Faso","Africa",1982,48.122,6634596,807.1985855
"424","Jordan","Asia",1962,48.126,933559,2348.009158
"425","West Bank and Gaza","Asia",1962,48.127,1133134,2198.956312
"426","Somalia","Africa",2007,48.159,9118773,926.1410683
"427","Burundi","Africa",1987,48.211,5126023,621.8188189
"428","Equatorial Guinea","Africa",1997,48.245,439971,2814.480755
"429","Mongolia","Asia",1962,48.251,1010280,1056.353958
"430","Syria","Asia",1957,48.284,4149908,2117.234893
"431","Central African Republic","Africa",1982,48.295,2476971,956.7529907
"432","Algeria","Africa",1962,48.303,11000948,2550.81688
"433","Malawi","Africa",2007,48.303,13327079,759.3499101
"434","Cote d'Ivoire","Africa",2007,48.328,18013409,1544.750112
"435","Ecuador","Americas",1952,48.357,3548753,3522.110717
"436","Namibia","Africa",1962,48.386,621392,3173.215595
"437","Mali","Africa",1992,48.388,8416215,739.014375
"438","Congo, Rep.","Africa",1962,48.435,1047924,2464.783157
"439","Iraq","Asia",1957,48.437,6248643,6229.333562
"440","Mauritania","Africa",1972,48.437,1332786,1586.851781
"441","Zimbabwe","Africa",1952,48.451,3080907,406.8841148
"442","Malaysia","Asia",1952,48.463,6748378,1831.132894
"443","Tanzania","Africa",1997,48.466,30686889,789.1862231
"444","Lesotho","Africa",1967,48.492,996380,498.6390265
"445","El Salvador","Americas",1957,48.57,2355805,3421.523218
"446","Guinea","Africa",1992,48.576,6990574,794.3484384
"447","Nicaragua","Americas",1962,48.632,1590597,3634.364406
"448","Gabon","Africa",1972,48.69,537977,11401.94841
"449","Djibouti","Africa",1982,48.812,305991,2879.468067
"450","Uganda","Africa",1992,48.825,18252190,644.1707969
"451","Senegal","Africa",1977,48.879,5260855,1561.769116
"452","Comoros","Africa",1972,48.944,250027,1937.577675
"453","Sao Tome and Principe","Africa",1957,48.945,61325,860.7369026
"454","Madagascar","Africa",1982,48.969,9171477,1302.878658
"455","Peru","Americas",1962,49.096,10516500,4957.037982
"456","Yemen, Rep.","Asia",1982,49.113,9657618,1977.55701
"457","Benin","Africa",1977,49.19,3168267,1029.161251
"458","Indonesia","Asia",1972,49.203,121282000,1111.107907
"459","Gambia","Africa",1987,49.265,848406,611.6588611
"460","Egypt","Africa",1967,49.293,31681188,1814.880728
"461","Iran","Asia",1962,49.325,22874000,4187.329802
"462","South Africa","Africa",2007,49.339,43997828,9269.657808
"463","Equatorial Guinea","Africa",2002,49.348,495627,7703.4959
"464","Madagascar","Africa",1987,49.35,10568642,1155.441948
"465","Cameroon","Africa",1977,49.355,7959865,1783.432873
"466","Myanmar","Asia",1967,49.379,25870271,349
"467","Central African Republic","Africa",1992,49.396,3265124,747.9055252
"468","Ethiopia","Africa",1997,49.402,59861301,515.8894013
"469","Malawi","Africa",1992,49.42,10014249,563.2000145
"470","Chad","Africa",1982,49.517,4875118,797.9081006
"471","Swaziland","Africa",1972,49.552,480105,3364.836625
"472","Burkina Faso","Africa",1987,49.557,7586551,912.0631417
"473","Tunisia","Africa",1962,49.579,4286552,1660.30321
"474","Burundi","Africa",2007,49.58,8390505,430.0706916
"475","Nepal","Asia",1982,49.594,15796314,718.3730947
"476","Botswana","Africa",1957,49.618,474639,918.2325349
"477","Tanzania","Africa",2002,49.651,34593779,899.0742111
"478","Togo","Africa",1972,49.759,2056351,1649.660188
"479","Lesotho","Africa",1972,49.767,1116779,496.5815922
"480","Pakistan","Asia",1967,49.8,60641899,942.4082588
"481","Cote d'Ivoire","Africa",1972,49.801,6071696,2378.201111
"482","Dominican Republic","Americas",1957,49.828,2923186,1544.402995
"483","Uganda","Africa",1982,49.849,12939400,682.2662268
"484","Cameroon","Africa",2002,49.856,15929988,1934.011449
"485","Ghana","Africa",1972,49.875,9354120,1178.223708
"486","Saudi Arabia","Asia",1967,49.901,5618198,16903.04886
"487","Mali","Africa",1997,49.903,9384984,790.2579846
"488","Tanzania","Africa",1977,49.919,17129565,962.4922932
"489","Haiti","Americas",1977,49.923,4908554,1874.298931
"490","South Africa","Africa",1962,49.951,18356657,5768.729717
"491","Eritrea","Africa",1992,49.991,3668440,582.8585102
"492","Bangladesh","Asia",1982,50.009,93074406,676.9818656
"493","Guatemala","Americas",1967,50.016,4690773,3242.531147
"494","Bolivia","Americas",1977,50.023,5079716,3548.097832
"495","Djibouti","Africa",1987,50.04,311025,2880.102568
"496","Korea, Dem. Rep.","Asia",1952,50.056,8865488,1088.277758
"497","Zambia","Africa",1972,50.107,4506497,1773.498265
"498","Libya","Africa",1967,50.227,1759224,18772.75169
"499","Vietnam","Asia",1972,50.254,44655014,699.5016441
"500","Burkina Faso","Africa",1992,50.26,8878303,931.7527731
"501","Syria","Asia",1962,50.305,4834621,2193.037133
"502","Burkina Faso","Africa",1997,50.324,10352843,946.2949618
"503","Morocco","Africa",1967,50.335,14770296,1711.04477
"504","Sudan","Africa",1982,50.338,20367053,1895.544073
"505","Uganda","Africa",1977,50.35,11457758,843.7331372
"506","Cameroon","Africa",2007,50.43,17696293,2042.09524
"507","Tanzania","Africa",1992,50.44,26605473,825.682454
"508","Zimbabwe","Africa",1957,50.469,3646340,518.7642681
"509","Central African Republic","Africa",1987,50.485,2840009,844.8763504
"510","Chad","Africa",2002,50.525,8835739,1156.18186
"511","China","Asia",1957,50.54896,637408000,575.9870009
"512","Tanzania","Africa",1982,50.608,19844382,874.2426069
"513","Colombia","Americas",1952,50.643,12350771,2144.115096
"514","Burkina Faso","Africa",2002,50.65,12251209,1037.645221
"515","Chad","Africa",2007,50.651,10238807,1704.063724
"516","India","Asia",1972,50.651,567000000,724.032527
"517","Kenya","Africa",1967,50.654,10191512,1056.736457
"518","Ethiopia","Africa",2002,50.725,67946797,530.0535319
"519","Botswana","Africa",2007,50.728,1639131,12569.85177
"520","Mexico","Americas",1952,50.789,30144317,3478.125529
"521","Zambia","Africa",1987,50.821,7272406,1213.315116
"522","Thailand","Asia",1952,50.848,21289402,757.7974177
"523","Mauritania","Africa",1977,50.852,1456688,1497.492223
"524","Benin","Africa",1982,50.904,3641603,1277.897616
"525","Brazil","Americas",1952,50.917,56602560,2108.944355
"526","Honduras","Americas",1967,50.924,2500689,2538.269358
"527","Bahrain","Asia",1952,50.939,120447,9867.084765
"528","Comoros","Africa",1977,50.939,304739,1172.603047
"529","Cambodia","Asia",1982,50.957,7272485,624.4754784
"530","Mauritius","Africa",1952,50.986,516556,1967.955707
"531","Kenya","Africa",2002,50.992,31386842,1287.514732
"532","Uganda","Africa",1972,51.016,10190285,950.735869
"533","Chad","Africa",1987,51.051,5498955,952.386129
"534","Egypt","Africa",1972,51.137,34807417,2024.008147
"535","Namibia","Africa",1967,51.159,706640,3793.694753
"536","Mongolia","Asia",1967,51.253,1149500,1226.04113
"537","Niger","Africa",1997,51.313,9666252,580.3052092
"538","Philippines","Asia",1957,51.334,26072194,1547.944844
"539","Ecuador","Americas",1957,51.356,4058385,3780.546651
"540","Zambia","Africa",1977,51.386,5216550,1588.688299
"541","Algeria","Africa",1967,51.407,12760499,3246.991771
"542","Peru","Americas",1967,51.445,12132200,5788.09333
"543","Guinea","Africa",1997,51.455,8048834,869.4497668
"544","Iraq","Asia",1962,51.457,7240260,8341.737815
"545","Haiti","Americas",1982,51.461,5198399,2011.159549
"546","Namibia","Africa",2002,51.479,1972153,4072.324751
"547","Uganda","Africa",1987,51.509,15283050,617.7244065
"548","Botswana","Africa",1962,51.52,512764,983.6539764
"549","Tanzania","Africa",1987,51.535,23040630,831.8220794
"550","Uganda","Africa",2007,51.542,29170398,1056.380121
"551","Chad","Africa",1997,51.573,7562011,1004.961353
"552","Equatorial Guinea","Africa",2007,51.579,551201,12154.08975
"553","Djibouti","Africa",1992,51.604,384156,2377.156192
"554","Jordan","Asia",1967,51.629,1255058,2741.796252
"555","West Bank and Gaza","Asia",1967,51.631,1142636,2649.715007
"556","Chad","Africa",1992,51.724,6429417,1058.0643
"557","Sudan","Africa",1987,51.744,24725960,1507.819159
"558","Ghana","Africa",1977,51.756,10538093,993.2239571
"559","Mali","Africa",2002,51.818,10580176,951.4097518
"560","Zambia","Africa",1982,51.821,6100407,1408.678565
"561","Nicaragua","Americas",1967,51.884,1865490,4643.393534
"562","Sao Tome and Principe","Africa",1962,51.893,65345,1071.551119
"563","South Africa","Africa",1967,51.927,20997321,7114.477971
"564","Pakistan","Asia",1972,51.929,69325921,1049.938981
"565","Congo, Rep.","Africa",1967,52.04,1179760,2677.939642
"566","Cote d'Ivoire","Africa",1992,52.044,12772596,1648.073791
"567","Tunisia","Africa",1967,52.053,4786986,1932.360167
"568","Turkey","Europe",1962,52.098,29788695,2322.869908
"569","Malaysia","Asia",1957,52.102,7739235,1810.066992
"570","Oman","Asia",1972,52.143,829050,10618.03855
"571","Cameroon","Africa",1997,52.199,14195809,1694.337469
"572","Lesotho","Africa",1977,52.208,1251524,745.3695408
"573","Madagascar","Africa",1992,52.214,12210395,1040.67619
"574","Burkina Faso","Africa",2007,52.295,14326203,1217.032994
"575","El Salvador","Americas",1962,52.307,2747687,3776.803627
"576","Benin","Africa",1987,52.337,4243788,1225.85601
"577","Zimbabwe","Africa",1962,52.358,4277736,527.2721818
"578","Cote d'Ivoire","Africa",1977,52.374,7459574,2517.736547
"579","Senegal","Africa",1982,52.379,6147783,1518.479984
"580","Iran","Asia",1967,52.469,26538000,5906.731805
"581","Tanzania","Africa",2007,52.517,38139640,1107.482182
"582","Nepal","Asia",1987,52.537,17917180,775.6324501
"583","Swaziland","Africa",1977,52.537,551425,3781.410618
"584","Botswana","Africa",1997,52.556,1536536,8647.142313
"585","Gambia","Africa",1992,52.644,1025384,665.6244126
"586","Korea, Rep.","Asia",1957,52.681,22611552,1487.593537
"587","Indonesia","Asia",1977,52.702,136725000,1382.702056
"588","Reunion","Africa",1952,52.724,257700,2718.885295
"589","Libya","Africa",1972,52.773,2183877,21011.49721
"590","Gabon","Africa",1977,52.79,706367,21745.57328
"591","Bangladesh","Asia",1987,52.819,103764241,751.9794035
"592","Morocco","Africa",1972,52.862,16660670,1930.194975
"593","Togo","Africa",1977,52.887,2308582,1532.776998
"594","Namibia","Africa",2007,52.906,2055080,4811.060429
"595","Yemen, Rep.","Asia",1987,52.922,11219340,1971.741538
"596","Comoros","Africa",1982,52.933,348643,1267.100083
"597","Ethiopia","Africa",2007,52.947,76511887,690.8055759
"598","Cameroon","Africa",1982,52.961,9250831,2367.983282
"599","Congo, Rep.","Africa",1997,52.962,2800947,3484.164376
"600","Congo, Rep.","Africa",2002,52.97,3328795,3484.06197
"601","Myanmar","Asia",1972,53.07,28466390,357
"602","Djibouti","Africa",1997,53.157,417908,1895.016984
"603","Brazil","Americas",1957,53.285,65551171,2487.365989
"604","Botswana","Africa",1967,53.298,553541,1214.709294
"605","Egypt","Africa",1977,53.319,38783863,2785.493582
"606","South Africa","Africa",2002,53.365,44433622,7710.946444
"607","Djibouti","Africa",2002,53.373,447416,1908.260867
"608","Eritrea","Africa",1997,53.378,4058319,913.47079
"609","Dominican Republic","Americas",1962,53.459,3453434,1662.137359
"610","Sudan","Africa",1992,53.556,28227588,1492.197043
"611","Kenya","Africa",1972,53.559,12044785,1222.359968
"612","Mauritania","Africa",1982,53.599,1622136,1481.150189
"613","Thailand","Asia",1957,53.63,25041917,793.5774148
"614","Haiti","Americas",1987,53.636,5756203,1823.015995
"615","Syria","Asia",1967,53.655,5680812,1881.923632
"616","Guinea","Africa",2002,53.676,8807818,945.5835837
"617","South Africa","Africa",1972,53.696,23935810,7765.962636
"618","Guatemala","Americas",1972,53.738,5149581,4031.408271
"619","Ghana","Africa",1982,53.744,11400338,876.032569
"620","Mongolia","Asia",1972,53.754,1320500,1421.741975
"621","Bosnia and Herzegovina","Europe",1952,53.82,2791000,973.5331948
"622","Bahrain","Asia",1957,53.832,138655,11635.79945
"623","Bolivia","Americas",1982,53.859,5642224,3156.510452
"624","Namibia","Africa",1972,53.867,821782,3746.080948
"625","Honduras","Americas",1972,53.884,2965146,2529.842345
"626","Saudi Arabia","Asia",1972,53.886,6472756,24837.42865
"627","Cambodia","Asia",1987,53.914,8371791,683.8955732
"628","Benin","Africa",1992,53.919,4981671,1191.207681
"629","Cote d'Ivoire","Africa",1982,53.983,9025951,2602.710169
"630","Zimbabwe","Africa",1967,53.995,4995432,569.7950712
"631","Pakistan","Asia",1977,54.043,78152686,1175.921193
"632","Korea, Dem. Rep.","Asia",1957,54.081,9411381,1571.134655
"633","Kenya","Africa",2007,54.11,35610177,1463.249282
"634","India","Asia",1977,54.208,634000000,813.337323
"635","Swaziland","Africa",1997,54.289,1054486,3876.76846
"636","Cameroon","Africa",1992,54.314,12467171,1793.163278
"637","Turkey","Europe",1967,54.336,33411317,2826.356387
"638","Benin","Africa",2002,54.406,7026113,1372.877931
"639","Kenya","Africa",1997,54.407,28263827,1360.485021
"640","Sao Tome and Principe","Africa",1967,54.425,70787,1384.840593
"641","Iraq","Asia",1967,54.459,8519282,8931.459811
"642","Mali","Africa",2007,54.467,12031795,1042.581557
"643","Niger","Africa",2002,54.496,11140655,601.0745012
"644","Algeria","Africa",1972,54.518,14760787,4182.663766
"645","Ecuador","Americas",1962,54.64,4681707,4086.114078
"646","Cote d'Ivoire","Africa",1987,54.655,10761098,2156.956069
"647","Chile","Americas",1952,54.745,6377619,3939.978789
"648","Philippines","Asia",1962,54.757,30325264,1649.552153
"649","Benin","Africa",1997,54.777,6066080,1232.975292
"650","Djibouti","Africa",2007,54.791,496374,2082.481567
"651","Congo, Rep.","Africa",1972,54.907,1340458,3213.152683
"652","Comoros","Africa",1987,54.926,395114,1315.980812
"653","Madagascar","Africa",1997,54.978,14165114,986.2958956
"654","Cameroon","Africa",1987,54.985,10780667,2602.664206
"655","Lesotho","Africa",1982,55.078,1411807,797.2631074
"656","Venezuela","Americas",1952,55.088,5439568,7689.799761
"657","Haiti","Americas",1992,55.089,6326682,1456.309517
"658","Reunion","Africa",1957,55.09,308700,2769.451844
"659","Colombia","Americas",1957,55.118,14485993,2323.805581
"660","Nicaragua","Americas",1972,55.151,2182908,4688.593267
"661","Mexico","Americas",1957,55.19,35015548,4131.546641
"662","Panama","Americas",1952,55.191,940080,2480.380334
"663","Albania","Europe",1952,55.23,1282697,1601.056136
"664","Iran","Asia",1972,55.234,30614000,9613.818607
"665","Eritrea","Africa",2002,55.24,4414865,765.3500015
"666","Korea, Rep.","Asia",1962,55.292,26420307,1536.344387
"667","Congo, Rep.","Africa",2007,55.322,3800610,3632.557798
"668","Sudan","Africa",1997,55.373,32160729,1632.210764
"669","Peru","Americas",1972,55.448,13954700,5937.827283
"670","Togo","Africa",1982,55.471,2644765,1344.577953
"671","Mongolia","Asia",1977,55.491,1528000,1647.511665
"672","South Africa","Africa",1977,55.527,27129932,8028.651439
"673","Lesotho","Africa",1997,55.558,1982823,1186.147994
"674","Swaziland","Africa",1982,55.561,649901,3895.384018
"675","Kuwait","Asia",1952,55.565,160000,108382.3529
"676","Yemen, Rep.","Asia",1992,55.599,13367997,1879.496673
"677","Tunisia","Africa",1972,55.602,5303507,2753.285994
"678","Congo, Rep.","Africa",1977,55.625,1536769,3259.178978
"679","Zimbabwe","Africa",1972,55.635,5861135,799.3621758
"680","Brazil","Americas",1962,55.665,76039390,3336.585802
"681","Nepal","Asia",1992,55.727,20326209,897.7403604
"682","Ghana","Africa",1987,55.729,14168101,847.0061135
"683","Morocco","Africa",1977,55.73,18396941,2370.619976
"684","Malaysia","Asia",1962,55.737,8906385,2036.884944
"685","Vietnam","Asia",1977,55.764,50533506,713.5371196
"686","Senegal","Africa",1987,55.769,7171347,1441.72072
"687","Cambodia","Asia",1992,55.803,10150094,682.3031755
"688","El Salvador","Americas",1967,55.855,3232927,4358.595393
"689","Gambia","Africa",1997,55.861,1235767,653.7301704
"690","Lebanon","Asia",1952,55.928,1439529,4834.804067
"691","Egypt","Africa",1982,56.006,45681811,3503.729636
"692","Guinea","Africa",2007,56.007,9947814,942.6542111
"693","Bangladesh","Asia",1992,56.018,113704579,837.8101643
"694","Botswana","Africa",1972,56.024,619351,2263.611114
"695","Guatemala","Americas",1977,56.029,5703430,4879.992748
"696","Myanmar","Asia",1977,56.059,31528087,371
"697","Thailand","Asia",1962,56.061,29263397,1002.199172
"698","Chile","Americas",1957,56.074,7048426,4315.622723
"699","Mauritania","Africa",1987,56.145,1841240,1421.603576
"700","Kenya","Africa",1977,56.155,14500404,1267.613204
"701","Pakistan","Asia",1982,56.158,91462088,1443.429832
"702","Indonesia","Asia",1982,56.159,153343000,1516.872988
"703","Sudan","Africa",2002,56.369,37090298,1993.398314
"704","Philippines","Asia",1967,56.393,35356600,1814.12743
"705","Congo, Rep.","Africa",1992,56.433,2409073,4016.239529
"706","Namibia","Africa",1977,56.437,977026,3876.485958
"707","Sao Tome and Principe","Africa",1972,56.48,76595,1532.985254
"708","Jordan","Asia",1972,56.528,1613551,2110.856309
"709","West Bank and Gaza","Asia",1972,56.532,1089572,3133.409277
"710","Cambodia","Asia",1997,56.534,11782962,734.28517
"711","Gabon","Africa",1982,56.564,753874,15113.36194
"712","India","Asia",1982,56.596,708000000,855.7235377
"713","El Salvador","Americas",1982,56.604,4474873,4098.344175
"714","Korea, Dem. Rep.","Asia",1962,56.656,10917494,1621.693598
"715","Haiti","Americas",1997,56.671,6913545,1341.726931
"716","Ecuador","Americas",1967,56.678,5432424,4579.074215
"717","Congo, Rep.","Africa",1982,56.695,1774735,4879.507522
"718","El Salvador","Americas",1977,56.696,4282586,5138.922374
"719","Benin","Africa",2007,56.728,8078314,1441.284873
"720","Gabon","Africa",2007,56.735,1454867,13206.48452
"721","Dominican Republic","Americas",1967,56.751,4049146,1653.723003
"722","Cambodia","Asia",2002,56.752,12926707,896.2260153
"723","Gabon","Africa",2002,56.761,1299304,12521.71392
"724","Niger","Africa",2007,56.867,12894865,619.6768924
"725","Bahrain","Asia",1962,56.923,171863,12753.27514
"726","Togo","Africa",1987,56.941,3154264,1202.201361
"727","Iraq","Asia",1972,56.95,10061506,9576.037596
"728","Turkey","Europe",1972,57.005,37492953,3450.69638
"729","Iraq","Asia",2002,57.046,24001816,4390.717312
"730","Lesotho","Africa",1987,57.18,1599200,773.9932141
"731","Costa Rica","Americas",1952,57.206,926317,2627.009471
"732","Bolivia","Americas",1987,57.251,6156369,2753.69149
"733","Madagascar","Africa",2002,57.286,16473477,894.6370822
"734","Syria","Asia",1972,57.296,6701172,2571.423014
"735","Oman","Asia",1977,57.367,1004533,11848.34392
"736","Honduras","Americas",1977,57.402,3055235,3203.208066
"737","Libya","Africa",1977,57.442,2721783,21951.21176
"738","Congo, Rep.","Africa",1987,57.47,2064095,4201.194937
"739","Nicaragua","Americas",1977,57.47,2554598,5486.371089
"740","Mongolia","Asia",1982,57.489,1756032,2000.603139
"741","Ghana","Africa",1992,57.501,16278738,925.060154
"742","Togo","Africa",2002,57.561,4977378,886.2205765
"743","Sri Lanka","Asia",1952,57.593,7982342,1083.53203
"744","Brazil","Americas",1967,57.632,88049823,3429.864357
"745","Reunion","Africa",1962,57.666,358900,3173.72334
"746","Zimbabwe","Africa",1977,57.674,6642107,685.5876821
"747","Swaziland","Africa",1987,57.678,779348,3984.839812
"748","Iran","Asia",1977,57.702,35480679,11888.59508
"749","Korea, Rep.","Asia",1967,57.716,30131000,2029.228142
"750","Colombia","Americas",1962,57.863,17009885,2492.351109
"751","Venezuela","Americas",1957,57.907,6702668,9802.466526
"752","Chile","Americas",1962,57.924,7961258,4519.094331
"753","Comoros","Africa",1992,57.939,454429,1246.90737
"754","Serbia","Europe",1952,57.996,6860147,3581.459448
"755","Algeria","Africa",1977,58.014,17152804,4910.416756
"756","Yemen, Rep.","Asia",1997,58.02,15826497,2117.484526
"757","Kuwait","Asia",1957,58.033,212846,113523.1329
"758","Eritrea","Africa",2007,58.04,4906585,641.3695236
"759","Gambia","Africa",2002,58.041,1457766,660.5855997
"760","Myanmar","Asia",1982,58.056,34680442,424
"761","Togo","Africa",1992,58.061,3747553,1034.298904
"762","Philippines","Asia",1972,58.065,40850141,1989.37407
"763","Mauritius","Africa",1957,58.089,609816,2034.037981
"764","Guatemala","Americas",1982,58.137,6395630,4820.49479
"765","Haiti","Americas",2002,58.137,7607651,1270.364932
"766","South Africa","Africa",1982,58.161,31140029,8568.266228
"767","Senegal","Africa",1992,58.196,8307920,1367.899369
"768","El Salvador","Americas",1972,58.207,3790903,4520.246008
"769","Pakistan","Asia",1987,58.245,105186881,1704.686583
"770","Thailand","Asia",1967,58.285,34024249,1295.46066
"771","Mexico","Americas",1962,58.299,41121485,4581.609385
"772","Mauritania","Africa",1992,58.333,2119465,1361.369784
"773","Myanmar","Asia",1987,58.339,38028578,385
"774","China","Asia",1967,58.38112,754550000,612.7056934
"775","Togo","Africa",1997,58.39,4320890,982.2869243
"776","Togo","Africa",2007,58.42,5701579,882.9699438
"777","Peru","Americas",1977,58.447,15990099,6281.290855
"778","Bosnia and Herzegovina","Europe",1957,58.45,3076000,1353.989176
"779","Ghana","Africa",2002,58.453,20550751,1111.984578
"780","Swaziland","Africa",1992,58.474,962344,3553.0224
"781","Taiwan","Asia",1952,58.5,8550362,1206.947913
"782","Jamaica","Americas",1952,58.53,1426095,2898.530881
"783","Sao Tome and Principe","Africa",1977,58.55,86796,1737.561657
"784","India","Asia",1987,58.553,788000000,976.5126756
"785","Ghana","Africa",1997,58.556,18418288,1005.245812
"786","Sudan","Africa",2007,58.556,42292929,2602.394995
"787","Saudi Arabia","Asia",1977,58.69,8128505,34167.7626
"788","Kenya","Africa",1982,58.766,17661452,1348.225791
"789","Ecuador","Americas",1972,58.796,6298651,5280.99471
"790","Iraq","Asia",1997,58.811,20775703,3076.239795
"791","Vietnam","Asia",1982,58.816,56142181,707.2357863
"792","Namibia","Africa",1997,58.909,1774766,3899.52426
"793","Namibia","Africa",1982,58.968,1099010,4191.100511
"794","Trinidad and Tobago","Americas",1952,59.1,662850,3023.271928
"795","Montenegro","Europe",1952,59.164,413834,2647.585601
"796","Panama","Americas",1957,59.201,1063506,2961.800905
"797","Albania","Europe",1957,59.28,1476505,1942.284244
"798","Kenya","Africa",1992,59.285,25020539,1341.921721
"799","Nicaragua","Americas",1982,59.298,2979423,3470.338156
"800","Botswana","Africa",1977,59.319,781472,3214.857818
"801","Myanmar","Asia",1992,59.32,40546538,347
"802","Kenya","Africa",1987,59.339,21198082,1361.936856
"803","Malaysia","Asia",1967,59.371,10154878,2277.742396
"804","Bangladesh","Asia",1997,59.412,123315288,972.7700352
"805","Cuba","Americas",1952,59.421,6007797,5586.53878
"806","Nepal","Asia",1997,59.426,23001113,1010.892138
"807","Madagascar","Africa",2007,59.443,19167654,1044.770126
"808","Gambia","Africa",2007,59.448,1688359,752.7497265
"809","Iraq","Asia",1992,59.461,17861905,3745.640687
"810","Lebanon","Asia",1957,59.489,1647412,6089.786934
"811","Brazil","Americas",1972,59.504,100840058,4985.711467
"812","Turkey","Europe",1977,59.507,42404033,4269.122326
"813","Iraq","Asia",2007,59.545,27499638,4471.061906
"814","Bulgaria","Europe",1952,59.6,7274900,2444.286648
"815","Iran","Asia",1982,59.62,43072751,7608.334602
"816","Dominican Republic","Americas",1972,59.631,4671329,2189.874499
"817","Morocco","Africa",1982,59.65,20198730,2702.620356
"818","Lesotho","Africa",1992,59.685,1803195,977.4862725
"819","Cambodia","Asia",2007,59.723,14131858,1713.778686
"820","Egypt","Africa",1987,59.797,52799062,3885.46071
"821","Portugal","Europe",1952,59.82,8526050,3068.319867
"822","Tunisia","Africa",1977,59.837,6005061,3120.876811
"823","Myanmar","Asia",2002,59.908,45598081,611
"824","Bahrain","Asia",1967,59.923,202182,14804.6727
"825","Korea, Dem. Rep.","Asia",1967,59.942,12617009,2143.540609
"826","Bolivia","Americas",1992,59.957,6893451,2961.699694
"827","Colombia","Americas",1967,59.963,19764027,2678.729839
"828","Ghana","Africa",2007,60.022,22873338,1327.60891
"829","Costa Rica","Americas",1957,60.026,1112300,2990.010802
"830","Philippines","Asia",1977,60.06,46850962,2373.204287
"831","Mexico","Americas",1967,60.11,47995559,5754.733883
"832","Indonesia","Asia",1987,60.137,169276000,1748.356961
"833","Senegal","Africa",1997,60.187,9535314,1392.368347
"834","Gabon","Africa",1987,60.19,880397,11864.40844
"835","Mongolia","Asia",1987,60.222,2015133,2338.008304
"836","India","Asia",1992,60.223,872000000,1164.406809
"837","South Africa","Africa",1997,60.236,42835005,7479.188244
"838","Mauritius","Africa",1962,60.246,701016,2529.067487
"839","Yemen, Rep.","Asia",2002,60.308,18701257,2234.820827
"840","Myanmar","Asia",1997,60.328,43247867,415
"841","Sao Tome and Principe","Africa",1982,60.351,98593,1890.218117
"842","Zimbabwe","Africa",1982,60.363,7636524,788.8550411
"843","Zimbabwe","Africa",1992,60.377,10704340,693.4207856
"844","Singapore","Asia",1952,60.396,1127000,2315.138227
"845","Thailand","Asia",1972,60.405,39276153,1524.358936
"846","Iraq","Asia",1977,60.413,11882916,14688.23507
"847","Mauritania","Africa",1997,60.43,2444741,1483.136136
"848","Gabon","Africa",1997,60.461,1126189,14722.84188
"849","Kuwait","Asia",1962,60.47,358266,95458.11176
"850","Chile","Americas",1967,60.523,8858908,5106.654313
"851","Reunion","Africa",1967,60.542,414024,4021.175739
"852","Comoros","Africa",1997,60.66,527982,1173.618235
"853","West Bank and Gaza","Asia",1977,60.765,1261091,3682.831494
"854","Venezuela","Americas",1962,60.77,8143375,8422.974165
"855","Guatemala","Americas",1987,60.782,7326406,4246.485974
"856","South Africa","Africa",1987,60.834,35933379,7825.823398
"857","Namibia","Africa",1987,60.835,1278184,3693.731337
"858","Pakistan","Asia",1992,60.838,120065004,1971.829464
"859","Honduras","Americas",1982,60.909,3669448,3121.760794
"860","Haiti","Americas",2007,60.916,8502814,1201.637154
"861","Hong Kong, China","Asia",1952,60.96,2125900,3054.421209
"862","Turkey","Europe",1982,61.036,47328791,4241.356344
"863","Romania","Europe",1952,61.05,16630000,3144.613186
"864","Jordan","Asia",1977,61.134,1937652,2852.351568
"865","Syria","Asia",1977,61.195,7932503,3195.484582
"866","Croatia","Europe",1952,61.21,3882229,3119.23652
"867","Mongolia","Asia",1992,61.271,2312802,1785.402016
"868","Ecuador","Americas",1977,61.31,7278866,6679.62326
"869","Poland","Europe",1952,61.31,25730551,4029.329699
"870","Nepal","Asia",2002,61.34,25873917,1057.206311
"871","Gabon","Africa",1992,61.366,985739,13522.15752
"872","Algeria","Africa",1982,61.368,20033753,5745.160213
"873","Peru","Americas",1982,61.406,18125129,6434.501797
"874","Montenegro","Europe",1957,61.448,442829,3682.259903
"875","Sri Lanka","Asia",1957,61.456,9128546,1072.546602
"876","Botswana","Africa",1982,61.484,970347,4551.14215
"877","Brazil","Americas",1977,61.489,114313951,6660.118654
"878","Portugal","Europe",1957,61.51,8817650,3774.571743
"879","Mauritius","Africa",1967,61.557,789309,2475.387562
"880","Senegal","Africa",2002,61.6,10870037,1519.635262
"881","Colombia","Americas",1972,61.623,22542890,3264.660041
"882","Serbia","Europe",1957,61.685,7271135,4981.090891
"883","Sao Tome and Principe","Africa",1987,61.728,110812,1516.525457
"884","India","Asia",1997,61.765,959000000,1458.817442
"885","Dominican Republic","Americas",1977,61.788,5302800,2681.9889
"886","Trinidad and Tobago","Americas",1957,61.8,764900,4100.3934
"887","Panama","Americas",1962,61.817,1215725,3536.540301
"888","Pakistan","Asia",1997,61.818,135564834,2049.350521
"889","South Africa","Africa",1992,61.888,39964159,7225.069258
"890","Bosnia and Herzegovina","Europe",1962,61.93,3349000,1709.683679
"891","Namibia","Africa",1992,61.999,1554253,3804.537999
"892","Nicaragua","Americas",1987,62.008,3344353,2955.984375
"893","Bangladesh","Asia",2002,62.013,135656790,1136.39043
"894","Iraq","Asia",1982,62.038,14173318,14517.90711
"895","Bolivia","Americas",1997,62.05,7693188,3326.143191
"896","Myanmar","Asia",2007,62.069,47761980,944
"897","Philippines","Asia",1982,62.082,53456774,2603.273765
"898","Lebanon","Asia",1962,62.094,1886848,5714.560611
"899","Libya","Africa",1982,62.155,3344074,17364.27538
"900","Sri Lanka","Asia",1962,62.192,10421936,1074.47196
"901","Mauritania","Africa",2002,62.247,2828858,1579.019543
"902","Cuba","Americas",1957,62.325,6640752,6092.174359
"903","Zimbabwe","Africa",1987,62.351,9216418,706.1573059
"904","Mexico","Americas",1972,62.361,55984294,6809.40669
"905","Taiwan","Asia",1957,62.4,10164215,1507.86129
"906","Argentina","Americas",1952,62.485,17876956,5911.315053
"907","Thailand","Asia",1977,62.494,44148285,1961.224635
"908","Jamaica","Americas",1957,62.61,1535090,4756.525781
"909","Korea, Rep.","Asia",1972,62.612,33505000,3030.87665
"910","Paraguay","Americas",1952,62.649,1555876,1952.308701
"911","Morocco","Africa",1987,62.677,22987397,2755.046991
"912","Indonesia","Asia",1992,62.681,184816000,2383.140898
"913","Yemen, Rep.","Asia",2007,62.698,22211743,2280.769906
"914","Oman","Asia",1982,62.728,1301048,12954.79101
"915","Sao Tome and Principe","Africa",1992,62.742,125911,1428.777814
"916","Botswana","Africa",1992,62.745,1342614,7954.111645
"917","Vietnam","Asia",1987,62.82,62826491,820.7994449
"918","Costa Rica","Americas",1962,62.842,1345187,3460.937025
"919","India","Asia",2002,62.879,1034172547,1746.769454
"920","Mauritius","Africa",1972,62.944,851334,2575.484158
"921","Comoros","Africa",2002,62.974,614382,1075.811558
"922","Malaysia","Asia",1972,63.01,11441462,2849.09478
"923","Saudi Arabia","Asia",1982,63.012,11254672,33693.17525
"924","Japan","Asia",1952,63.03,86459025,3216.956347
"925","Iran","Asia",1987,63.04,51889696,6642.881371
"926","Senegal","Africa",2007,63.062,12267493,1712.472136
"927","Turkey","Europe",1987,63.108,52881328,5089.043686
"928","China","Asia",1972,63.11888,862030000,676.9000921
"929","El Salvador","Americas",1987,63.154,4842194,4140.442097
"930","Singapore","Asia",1957,63.179,1445929,2843.104409
"931","Paraguay","Americas",1957,63.196,1770902,2046.154706
"932","Bahrain","Asia",1972,63.3,230800,18268.65839
"933","Sao Tome and Principe","Africa",1997,63.306,145608,1339.076036
"934","Brazil","Americas",1982,63.336,128962939,7030.835878
"935","Guatemala","Americas",1992,63.373,8486949,4439.45084
"936","Chile","Americas",1972,63.441,9717524,5494.024437
"937","Venezuela","Americas",1967,63.479,9709552,9541.474188
"938","Pakistan","Asia",2002,63.61,153403524,2092.712441
"939","Botswana","Africa",1987,63.622,1151184,6205.88385
"940","Mongolia","Asia",1997,63.625,2494803,1902.2521
"941","Egypt","Africa",1992,63.674,59402198,3794.755195
"942","Dominican Republic","Americas",1982,63.727,5968349,2861.092386
"943","Montenegro","Europe",1962,63.728,474528,4649.593785
"944","Jordan","Asia",1982,63.739,2347031,4161.415959
"945","Nepal","Asia",2007,63.785,28901790,1091.359778
"946","Colombia","Americas",1977,63.837,25094412,3815.80787
"947","Lebanon","Asia",1967,63.87,2186894,6006.983042
"948","Bolivia","Americas",2002,63.883,8445134,3413.26269
"949","China","Asia",1977,63.96736,943455000,741.2374699
"950","Korea, Dem. Rep.","Asia",1972,63.983,14781241,3701.621503
"951","Hungary","Europe",1952,64.03,9504000,5263.673816
"952","Tunisia","Africa",1982,64.048,6734098,3560.233174
"953","Bangladesh","Asia",2007,64.062,150448339,1391.253792
"954","Panama","Americas",1967,64.071,1405486,4421.009084
"955","Romania","Europe",1957,64.1,17829327,3943.370225
"956","Peru","Americas",1987,64.134,20195924,6360.943444
"957","Philippines","Asia",1987,64.151,60017788,2189.634995
"958","Mauritania","Africa",2007,64.164,3270065,1803.151496
"959","Sri Lanka","Asia",1967,64.266,11737396,1135.514326
"960","Reunion","Africa",1972,64.274,461633,5047.658563
"961","Puerto Rico","Americas",1952,64.28,2227000,3081.959785
"962","Sao Tome and Principe","Africa",2002,64.337,170372,1353.09239
"963","Ecuador","Americas",1982,64.342,8365850,7213.791267
"964","Slovak Republic","Europe",1952,64.36,3558137,5074.659104
"965","Paraguay","Americas",1962,64.361,2009813,2148.027146
"966","Portugal","Europe",1962,64.39,9019800,4727.954889
"967","Argentina","Americas",1957,64.399,19610538,6856.856212
"968","West Bank and Gaza","Asia",1982,64.406,1425876,4336.032082
"969","Honduras","Americas",1987,64.492,4372203,3023.096699
"970","Serbia","Europe",1962,64.531,7616060,6289.629157
"971","Syria","Asia",1982,64.59,9410494,3761.837715
"972","Thailand","Asia",1982,64.597,48827160,2393.219781
"973","Kuwait","Asia",1967,64.624,575003,80894.88326
"974","India","Asia",2007,64.698,1110396331,2452.210407
"975","Hong Kong, China","Asia",1957,64.75,2736300,3629.076457
"976","Korea, Rep.","Asia",1977,64.766,36436000,4657.22102
"977","Croatia","Europe",1957,64.77,3991242,4338.231617
"978","Bosnia and Herzegovina","Europe",1967,64.79,3585000,2172.352423
"979","Albania","Europe",1962,64.82,1728137,2312.888958
"980","Trinidad and Tobago","Americas",1962,64.9,887498,4997.523971
"981","Mauritius","Africa",1977,64.93,913025,3710.982963
"982","Spain","Europe",1952,64.94,28549870,3834.034742
"983","Paraguay","Americas",1967,64.951,2287985,2299.376311
"984","Mexico","Americas",1977,65.032,63759976,7674.929108
"985","Mongolia","Asia",2002,65.033,2674234,2140.739323
"986","Sri Lanka","Asia",1972,65.042,13016733,1213.39553
"987","Iraq","Asia",1987,65.044,16543189,11643.57268
"988","Argentina","Americas",1962,65.142,21283783,7133.166023
"989","Comoros","Africa",2007,65.152,710960,986.1478792
"990","Taiwan","Asia",1962,65.2,11918938,1822.879028
"991","Brazil","Americas",1987,65.205,142938076,7807.095818
"992","Cuba","Americas",1962,65.246,7254373,5180.75591
"993","Malaysia","Asia",1977,65.256,12845381,3827.921571
"994","Israel","Asia",1952,65.39,1620914,4086.522128
"995","Morocco","Africa",1992,65.393,25798239,2948.047252
"996","Trinidad and Tobago","Americas",1967,65.4,960155,5621.368472
"997","Lebanon","Asia",1972,65.421,2680018,7486.384341
"998","Costa Rica","Americas",1967,65.424,1588717,4161.727834
"999","Pakistan","Asia",2007,65.483,169270617,2605.94758
"1000","Japan","Asia",1957,65.5,91563009,4317.694365
"1001","China","Asia",1982,65.525,1000281000,962.4213805
"1002","Sao Tome and Principe","Africa",2007,65.528,199579,1598.435089
"1003","Bolivia","Americas",2007,65.554,9119152,3822.137084
"1004","Slovenia","Europe",1952,65.57,1489518,4215.041741
"1005","Bahrain","Asia",1977,65.593,297410,19340.10196
"1006","Jamaica","Americas",1962,65.61,1665128,5246.107524
"1007","Argentina","Americas",1967,65.634,22934225,8052.953021
"1008","Venezuela","Americas",1972,65.712,11515649,10505.25966
"1009","Iran","Asia",1992,65.742,60397973,7235.653188
"1010","Poland","Europe",1957,65.77,28235346,4734.253019
"1011","Singapore","Asia",1962,65.798,1750200,3674.735572
"1012","Algeria","Africa",1987,65.799,23254956,5681.358539
"1013","Paraguay","Americas",1972,65.815,2614104,2523.337977
"1014","Nicaragua","Americas",1992,65.843,4017939,2170.151724
"1015","Greece","Europe",1952,65.86,7733250,3530.690067
"1016","Jordan","Asia",1987,65.869,2820042,4448.679912
"1017","Trinidad and Tobago","Americas",1972,65.9,975199,6619.551419
"1018","Italy","Europe",1952,65.94,47666000,4931.404155
"1019","Sri Lanka","Asia",1977,65.949,14116836,1348.775651
"1020","Indonesia","Asia",1997,66.041,199278000,3119.335603
"1021","Dominican Republic","Americas",1987,66.046,6655297,2899.842175
"1022","Uruguay","Americas",1952,66.071,2252965,5716.766744
"1023","Thailand","Asia",1987,66.084,52910342,2982.653773
"1024","Lebanon","Asia",1977,66.099,3115787,8659.696836
"1025","Turkey","Europe",1992,66.146,58179144,5678.348271
"1026","Panama","Americas",1972,66.216,1616384,5364.249663
"1027","Albania","Europe",1967,66.22,1984060,2760.196931
"1028","Libya","Africa",1987,66.234,3799845,11770.5898
"1029","Saudi Arabia","Asia",1987,66.295,14619745,21198.26136
"1030","Guatemala","Americas",1997,66.322,9803875,4684.313807
"1031","Paraguay","Americas",1977,66.353,2984494,3248.373311
"1032","Honduras","Americas",1992,66.399,5077347,3081.694603
"1033","Hungary","Europe",1957,66.41,9839000,6040.180011
"1034","Peru","Americas",1992,66.458,22430449,4446.380924
"1035","Philippines","Asia",1992,66.458,67185766,2279.324017
"1036","Finland","Europe",1952,66.55,4090500,6424.519071
"1037","Portugal","Europe",1967,66.6,9103000,6361.517993
"1038","Bulgaria","Europe",1957,66.61,7651254,3008.670727
"1039","Colombia","Americas",1982,66.653,27764644,4397.575659
"1040","Spain","Europe",1957,66.66,29841614,4564.80241
"1041","Korea, Dem. Rep.","Asia",2002,66.662,22215365,1646.758151
"1042","Mauritius","Africa",1982,66.711,992040,3688.037739
"1043","El Salvador","Americas",1992,66.798,5274649,4444.2317
"1044","Austria","Europe",1952,66.8,6927772,6137.076492
"1045","Romania","Europe",1962,66.8,18680721,4734.997586
"1046","Romania","Europe",1967,66.8,19284814,6470.866545
"1047","Mongolia","Asia",2007,66.803,2874127,3095.772271
"1048","Czech Republic","Europe",1952,66.87,9125183,6876.14025
"1049","Paraguay","Americas",1982,66.874,3366439,4258.503604
"1050","Tunisia","Africa",1987,66.894,7724976,3810.419296
"1051","Ireland","Europe",1952,66.91,2952156,5210.280328
"1052","Serbia","Europe",1967,66.914,7971222,7991.707066
"1053","Syria","Asia",1987,66.974,11242847,3116.774285
"1054","Lebanon","Asia",1982,66.983,3086876,7640.519521
"1055","Uruguay","Americas",1957,67.044,2424959,6150.772969
"1056","West Bank and Gaza","Asia",1987,67.046,1691210,5107.197384
"1057","Chile","Americas",1977,67.052,10599793,4756.763836
"1058","Brazil","Americas",1992,67.057,155975974,6950.283021
"1059","Reunion","Africa",1977,67.064,492095,4319.804067
"1060","Argentina","Americas",1972,67.065,24779799,9443.038526
"1061","Korea, Rep.","Asia",1982,67.123,39326000,5622.942464
"1062","Croatia","Europe",1962,67.13,4076557,5477.890018
"1063","Korea, Dem. Rep.","Asia",1977,67.159,16325320,4106.301249
"1064","Montenegro","Europe",1967,67.178,501035,5907.850937
"1065","Egypt","Africa",1997,67.217,66134291,4173.181797
"1066","Ecuador","Americas",1987,67.231,9545158,6481.776993
"1067","China","Asia",1987,67.274,1084035000,1378.904018
"1068","Korea, Dem. Rep.","Asia",2007,67.297,23301725,1593.06548
"1069","Thailand","Asia",1992,67.298,56667095,4616.896545
"1070","Paraguay","Americas",1987,67.378,3886512,3998.875695
"1071","Mexico","Americas",1982,67.405,71640904,9611.147541
"1072","France","Europe",1952,67.41,42459667,7029.809327
"1073","Bosnia and Herzegovina","Europe",1972,67.45,3819000,2860.16975
"1074","Slovak Republic","Europe",1957,67.45,3844277,6093.26298
"1075","Venezuela","Americas",1977,67.456,13503563,13143.95095
"1076","Austria","Europe",1957,67.48,6965860,8842.59803
"1077","Finland","Europe",1957,67.49,4324000,7545.415386
"1078","Germany","Europe",1952,67.5,69145952,7144.114393
"1079","Taiwan","Asia",1967,67.5,13648692,2643.858681
"1080","Jamaica","Americas",1967,67.51,1861096,6124.703451
"1081","Thailand","Asia",1997,67.521,60216677,5852.625497
"1082","Poland","Europe",1962,67.64,30329617,5338.752143
"1083","Hong Kong, China","Asia",1962,67.65,3305200,4692.648272
"1084","Honduras","Americas",1997,67.659,5867957,3160.454906
"1085","Morocco","Africa",1997,67.66,28529501,2982.101858
"1086","Vietnam","Asia",1992,67.662,69940728,989.0231487
"1087","Albania","Europe",1972,67.69,2263554,3313.422188
"1088","Kuwait","Asia",1972,67.712,841934,109347.867
"1089","Korea, Dem. Rep.","Asia",1997,67.727,21585105,1690.756814
"1090","Oman","Asia",1987,67.734,1593882,18115.22313
"1091","Algeria","Africa",1992,67.744,26298373,5023.216647
"1092","Colombia","Americas",1987,67.768,30964245,4903.2191
"1093","Italy","Europe",1957,67.81,49182000,6248.656232
"1094","Israel","Asia",1957,67.84,1944401,5385.278451
"1095","Costa Rica","Americas",1972,67.849,1834796,5118.146939
"1096","Slovenia","Europe",1957,67.85,1533070,5862.276629
"1097","Greece","Europe",1957,67.86,8096218,4916.299889
"1098","Lebanon","Asia",1987,67.926,3089353,5377.091329
"1099","Singapore","Asia",1967,67.946,1977600,4977.41854
"1100","Hungary","Europe",1962,67.96,10063000,7550.359877
"1101","Belgium","Europe",1952,68,8730405,8343.105127
"1102","Malaysia","Asia",1982,68,14441916,4920.355951
"1103","Jordan","Asia",1992,68.015,3867409,3431.593647
"1104","Iran","Asia",1997,68.042,63327987,8263.590301
"1105","Paraguay","Americas",1992,68.225,4483945,4196.411078
"1106","Uruguay","Americas",1962,68.253,2598466,5603.357717
"1107","Cuba","Americas",1967,68.29,8139332,5690.268015
"1108","Trinidad and Tobago","Americas",1977,68.3,1039009,7899.554209
"1109","Peru","Americas",1997,68.386,24748122,5838.347657
"1110","Colombia","Americas",1992,68.421,34202721,5444.648617
"1111","Nicaragua","Americas",1997,68.426,4609572,2253.023004
"1112","United States","Americas",1952,68.44,157553000,13990.48208
"1113","Dominican Republic","Americas",1992,68.457,7351181,3044.214214
"1114","Uruguay","Americas",1967,68.468,2748579,5444.61962
"1115","Argentina","Americas",1977,68.481,26983828,10079.02674
"1116","Croatia","Europe",1967,68.5,4174366,6960.297861
"1117","Puerto Rico","Americas",1957,68.54,2260000,3907.156189
"1118","Venezuela","Americas",1982,68.557,15620766,11152.41011
"1119","Philippines","Asia",1997,68.564,75012988,2536.534925
"1120","Thailand","Asia",2002,68.564,62806748,5913.187529
"1121","Honduras","Americas",2002,68.565,6677328,3099.72866
"1122","Indonesia","Asia",2002,68.588,211060000,2873.91287
"1123","Uruguay","Americas",1972,68.673,2829526,5703.408898
"1124","Panama","Americas",1977,68.681,1839782,5351.912144
"1125","China","Asia",1992,68.69,1164970000,1655.784158
"1126","Serbia","Europe",1972,68.7,8313288,10522.06749
"1127","Japan","Asia",1962,68.73,95831757,6576.649461
"1128","Mauritius","Africa",1987,68.74,1042663,4783.586903
"1129","Canada","Americas",1952,68.75,14785584,11367.16112
"1130","Finland","Europe",1962,68.75,4491443,9371.842561
"1131","Libya","Africa",1992,68.755,4364501,9640.138501
"1132","Sri Lanka","Asia",1982,68.757,15410151,1648.079789
"1133","Saudi Arabia","Asia",1992,68.768,16945857,24841.61777
"1134","Trinidad and Tobago","Americas",1982,68.832,1116479,9119.528607
"1135","Turkey","Europe",1997,68.835,63047647,6601.429915
"1136","Ireland","Europe",1957,68.9,2878220,5599.077872
"1137","Albania","Europe",1977,68.93,2509048,3533.00391
"1138","France","Europe",1957,68.93,44310863,8662.834898
"1139","Trinidad and Tobago","Americas",2002,68.976,1101832,11460.60023
"1140","Guatemala","Americas",2002,68.978,11178650,4858.347495
"1141","Jamaica","Americas",1972,69,1997616,7433.889293
"1142","Sri Lanka","Asia",1987,69.011,16495304,1876.766827
"1143","Czech Republic","Europe",1957,69.03,9513758,8256.343918
"1144","Bahrain","Asia",1982,69.052,377967,19211.14731
"1145","Germany","Europe",1957,69.1,71019069,10187.82665
"1146","Korea, Dem. Rep.","Asia",1982,69.1,17647518,4106.525293
"1147","Australia","Oceania",1952,69.12,8691212,10039.59564
"1148","Slovenia","Europe",1962,69.15,1582962,7402.303395
"1149","Algeria","Africa",1997,69.152,29072015,4797.295051
"1150","Hungary","Europe",1992,69.17,10348684,10535.62855
"1151","Slovenia","Europe",1967,69.18,1646912,9405.489397
"1152","United Kingdom","Europe",1952,69.18,50430000,9979.508487
"1153","Romania","Europe",1972,69.21,20662648,8011.414402
"1154","Belgium","Europe",1957,69.24,8989111,9714.960623
"1155","Italy","Europe",1962,69.24,50843200,8243.58234
"1156","Syria","Asia",1992,69.249,13219062,3340.542768
"1157","Portugal","Europe",1972,69.26,8970450,9022.247417
"1158","Lebanon","Asia",1992,69.292,3219994,6890.806854
"1159","Kuwait","Asia",1977,69.343,1140357,59265.47714
"1160","Romania","Europe",1992,69.36,22797027,6598.409903
"1161","Brazil","Americas",1997,69.388,168546719,7957.980824
"1162","Hungary","Europe",1982,69.39,10705535,12545.99066
"1163","Israel","Asia",1962,69.39,2310904,7105.630706
"1164","New Zealand","Oceania",1952,69.39,1994794,10556.57566
"1165","Taiwan","Asia",1972,69.39,15226039,4062.523897
"1166","Paraguay","Americas",1997,69.4,5154123,4247.400261
"1167","Iran","Asia",2002,69.451,66907826,9240.761975
"1168","Romania","Europe",1977,69.46,21658597,9356.39724
"1169","Trinidad and Tobago","Americas",1997,69.465,1138101,8792.573126
"1170","Uruguay","Americas",1977,69.481,2873520,6504.339663
"1171","United States","Americas",1957,69.49,171984000,14847.12712
"1172","Mexico","Americas",1987,69.498,80122492,8688.156003
"1173","Hungary","Europe",1967,69.5,10223422,9326.64467
"1174","Malaysia","Asia",1987,69.5,16331785,5249.802653
"1175","Bulgaria","Europe",1962,69.51,8012946,4254.337839
"1176","Greece","Europe",1962,69.51,8448233,6017.190733
"1177","Singapore","Asia",1972,69.521,2152400,8597.756202
"1178","Romania","Europe",1987,69.53,22686371,9696.273295
"1179","El Salvador","Americas",1997,69.535,5783439,5154.825496
"1180","Austria","Europe",1962,69.54,7129864,10750.72111
"1181","Hungary","Europe",1987,69.58,10612740,12986.47998
"1182","Trinidad and Tobago","Americas",1987,69.582,1191336,7388.597823
"1183","Croatia","Europe",1972,69.61,4225310,9164.090127
"1184","Poland","Europe",1967,69.61,31785378,6557.152776
"1185","Ecuador","Americas",1992,69.613,10748394,7103.702595
"1186","Morocco","Africa",2002,69.615,31167783,3258.495584
"1187","Puerto Rico","Americas",1962,69.62,2448046,5108.34463
"1188","Switzerland","Europe",1952,69.62,4815000,14734.23275
"1189","Romania","Europe",1982,69.66,22356726,9605.314053
"1190","Spain","Europe",1962,69.69,31158061,5693.843879
"1191","West Bank and Gaza","Asia",1992,69.718,2104779,6017.654756
"1192","Romania","Europe",1997,69.72,22562458,7346.547557
"1193","Mauritius","Africa",1992,69.745,1096202,6058.253846
"1194","Hungary","Europe",1972,69.76,10394091,10168.65611
"1195","Jordan","Asia",1997,69.772,4526235,3645.379572
"1196","Egypt","Africa",2002,69.806,73312559,4754.604414
"1197","Korea, Rep.","Asia",1987,69.81,41622000,8533.088805
"1198","Trinidad and Tobago","Americas",2007,69.819,1056608,18008.50924
"1199","Slovenia","Europe",1972,69.82,1694510,12383.4862
"1200","Finland","Europe",1967,69.83,4605744,10921.63626
"1201","Bosnia and Herzegovina","Europe",1977,69.86,4086000,3528.481305
"1202","Trinidad and Tobago","Americas",1992,69.862,1183669,7370.990932
"1203","Reunion","Africa",1982,69.885,517810,5267.219353
"1204","Czech Republic","Europe",1962,69.9,9620282,10136.86713
"1205","Peru","Americas",2002,69.906,26769436,5909.020073
"1206","Argentina","Americas",1982,69.942,29341374,8997.897412
"1207","Hungary","Europe",1977,69.95,10637171,11674.83737
"1208","Dominican Republic","Americas",1997,69.957,7992357,3614.101285
"1209","Canada","Americas",1957,69.96,17010154,12489.95006
"1210","Korea, Dem. Rep.","Asia",1992,69.978,20711375,3726.063507
"1211","Hong Kong, China","Asia",1967,70,3722800,6197.962814
"1212","Tunisia","Africa",1992,70.001,8523077,4332.720164
"1213","Jamaica","Americas",1977,70.11,2156814,6650.195573
"1214","Austria","Europe",1967,70.14,7376998,12834.6024
"1215","Serbia","Europe",1982,70.162,9032824,15181.0927
"1216","Venezuela","Americas",1987,70.19,17910182,9883.584648
"1217","Honduras","Americas",2007,70.198,7483763,3548.330846
"1218","United States","Americas",1962,70.21,186538000,16173.14586
"1219","Belgium","Europe",1962,70.25,9218400,10991.20676
"1220","Guatemala","Americas",2007,70.259,12572928,5186.050003
"1221","New Zealand","Oceania",1957,70.26,2229407,12247.39532
"1222","Lebanon","Asia",1997,70.265,3430388,8754.96385
"1223","Czech Republic","Europe",1972,70.29,9862158,13108.4536
"1224","Ireland","Europe",1962,70.29,2830000,6631.597314
"1225","Germany","Europe",1962,70.3,73739117,12902.46291
"1226","Serbia","Europe",1977,70.3,8686367,12980.66956
"1227","Philippines","Asia",2002,70.303,82995088,2650.921068
"1228","Colombia","Americas",1997,70.313,37657830,6117.361746
"1229","Bulgaria","Europe",1997,70.32,8066057,5970.38876
"1230","Australia","Oceania",1957,70.33,9712569,10949.64959
"1231","Slovak Republic","Europe",1962,70.33,4237384,7481.107598
"1232","Slovak Republic","Europe",1972,70.35,4593433,9674.167626
"1233","Sri Lanka","Asia",1992,70.379,17587060,2153.739222
"1234","Czech Republic","Europe",1967,70.38,9835109,11399.44489
"1235","Portugal","Europe",1977,70.41,9662600,10172.48572
"1236","Albania","Europe",1982,70.42,2780097,3630.880722
"1237","Bulgaria","Europe",1967,70.42,8310226,5577.0028
"1238","United Kingdom","Europe",1957,70.42,51430000,11283.17795
"1239","China","Asia",1997,70.426,1230075000,2289.234136
"1240","Slovak Republic","Europe",1977,70.45,4827803,10922.66404
"1241","Sri Lanka","Asia",1997,70.457,18698655,2664.477257
"1242","Croatia","Europe",1982,70.46,4413368,13221.82184
"1243","Panama","Americas",1982,70.472,2036305,7009.601598
"1244","France","Europe",1962,70.51,47124000,10560.48553
"1245","Saudi Arabia","Asia",1997,70.533,21229759,20586.69019
"1246","Switzerland","Europe",1957,70.56,5126000,17909.48973
"1247","Chile","Americas",1982,70.565,11487112,5095.665738
"1248","Taiwan","Asia",1977,70.59,16785196,5596.519826
"1249","Thailand","Asia",2007,70.616,65068149,7458.396327
"1250","Austria","Europe",1972,70.63,7544201,16661.6256
"1251","Montenegro","Europe",1972,70.636,527678,7778.414017
"1252","Croatia","Europe",1977,70.64,4318673,11305.38517
"1253","Korea, Dem. Rep.","Asia",1987,70.647,19067554,4106.492315
"1254","Indonesia","Asia",2007,70.65,223547000,3540.651564
"1255","Poland","Europe",1977,70.67,34621254,9508.141454
"1256","Vietnam","Asia",1997,70.672,76048996,1385.896769
"1257","Bosnia and Herzegovina","Europe",1982,70.69,4172693,4126.613157
"1258","Malaysia","Asia",1992,70.693,18319502,7277.912802
"1259","Czech Republic","Europe",1977,70.71,10161915,14800.16062
"1260","Cuba","Americas",1972,70.723,8831348,5305.445256
"1261","El Salvador","Americas",2002,70.734,6353681,5351.568666
"1262","Mauritius","Africa",1997,70.736,1149818,7425.705295
"1263","Bahrain","Asia",1987,70.75,454612,18524.02406
"1264","Costa Rica","Americas",1977,70.75,2108457,5926.876967
"1265","Israel","Asia",1967,70.75,2693585,8393.741404
"1266","Paraguay","Americas",2002,70.755,5884491,3783.674243
"1267","United Kingdom","Europe",1962,70.76,53292000,12477.17707
"1268","United States","Americas",1967,70.76,198712000,19530.36557
"1269","Argentina","Americas",1987,70.774,31620918,9139.671389
"1270","Denmark","Europe",1952,70.78,4334000,9692.385245
"1271","Singapore","Asia",1977,70.795,2325300,11210.08948
"1272","Germany","Europe",1967,70.8,76368453,14745.62561
"1273","Slovak Republic","Europe",1982,70.8,5048043,11348.54585
"1274","Uruguay","Americas",1982,70.805,2953997,6920.223051
"1275","Bulgaria","Europe",1977,70.81,8797022,7612.240438
"1276","Sri Lanka","Asia",2002,70.815,19576783,3015.378833
"1277","Nicaragua","Americas",2002,70.836,5146848,2474.548819
"1278","Turkey","Europe",2002,70.845,67308928,6508.085718
"1279","Dominican Republic","Americas",2002,70.847,8650322,4563.808154
"1280","Poland","Europe",1972,70.85,33039545,8006.506993
"1281","Finland","Europe",1972,70.87,4639657,14358.8759
"1282","Bulgaria","Europe",1972,70.9,8576200,6597.494398
"1283","Australia","Oceania",1962,70.93,10794968,12217.22686
"1284","Belgium","Europe",1967,70.94,9556500,13149.04119
"1285","Czech Republic","Europe",1982,70.96,10303704,15377.22855
"1286","Iran","Asia",2007,70.964,69453570,11605.71449
"1287","Slovenia","Europe",1977,70.97,1746919,15277.03017
"1288","Poland","Europe",1987,70.98,37740710,9082.351172
"1289","Slovak Republic","Europe",1967,70.98,4442238,8412.902397
"1290","Poland","Europe",1992,70.99,38370697,7738.881247
"1291","Algeria","Africa",2002,70.994,31287142,5288.040382
"1292","Germany","Europe",1972,71,78717088,18016.18027
"1293","Greece","Europe",1967,71,8716441,8513.097016
"1294","Brazil","Americas",2002,71.006,179914212,8131.212843
"1295","Lebanon","Asia",2002,71.028,3677780,9313.93883
"1296","Hungary","Europe",1997,71.04,10244684,11712.7768
"1297","Italy","Europe",1967,71.06,52667100,10022.40131
"1298","Slovenia","Europe",1982,71.063,1861252,17866.72175
"1299","Bulgaria","Europe",1982,71.08,8892098,8224.191647
"1300","Ireland","Europe",1967,71.08,2900100,7655.568963
"1301","Slovak Republic","Europe",1987,71.08,5199318,12037.26758
"1302","West Bank and Gaza","Asia",1997,71.096,2826046,7110.667619
"1303","Australia","Oceania",1967,71.1,11872264,14526.12465
"1304","Puerto Rico","Americas",1967,71.1,2648961,6929.277714
"1305","Bosnia and Herzegovina","Europe",1987,71.14,4338977,4314.114757
"1306","Venezuela","Americas",1992,71.15,20265563,10733.92631
"1307","Morocco","Africa",2007,71.164,33757175,3820.17523
"1308","Bulgaria","Europe",1992,71.19,8658506,6302.623438
"1309","Oman","Asia",1992,71.197,1915208,18616.70691
"1310","Jamaica","Americas",1982,71.21,2298309,6068.05135
"1311","Serbia","Europe",1987,71.218,9230783,15870.87851
"1312","New Zealand","Oceania",1962,71.24,2488550,13175.678
"1313","Jordan","Asia",2002,71.263,5307470,3844.917194
"1314","Ireland","Europe",1972,71.28,3024400,9530.772896
"1315","Canada","Americas",1962,71.3,18985849,13462.48555
"1316","Kuwait","Asia",1982,71.309,1497494,31354.03573
"1317","Poland","Europe",1982,71.32,36227381,8451.531004
"1318","Switzerland","Europe",1962,71.32,5666000,20431.0927
"1319","Romania","Europe",2002,71.322,22404337,7885.360081
"1320","Egypt","Africa",2007,71.338,80264543,5581.180998
"1321","Bulgaria","Europe",1987,71.34,8971958,8239.854824
"1322","United States","Americas",1972,71.34,209896000,21806.03594
"1323","United Kingdom","Europe",1967,71.36,54959000,14142.85089
"1324","Slovak Republic","Europe",1992,71.38,5302888,9498.467723
"1325","Peru","Americas",2007,71.421,28674757,7408.905561
"1326","Japan","Asia",1967,71.43,100825279,9847.788607
"1327","Belgium","Europe",1972,71.44,9709100,16672.14356
"1328","Spain","Europe",1967,71.44,32850275,7993.512294
"1329","Mexico","Americas",1992,71.455,88111030,9472.384295
"1330","Croatia","Europe",1987,71.52,4484310,13822.58394
"1331","New Zealand","Oceania",1967,71.52,2728150,14463.91893
"1332","Panama","Americas",1987,71.523,2253639,7034.779161
"1333","Syria","Asia",1997,71.527,15081016,4014.238972
"1334","France","Europe",1967,71.55,49569000,12999.91766
"1335","Libya","Africa",1997,71.555,4759670,9467.446056
"1336","Czech Republic","Europe",1987,71.58,10311597,16310.4434
"1337","Albania","Europe",1992,71.581,3326498,2497.437901
"1338","Saudi Arabia","Asia",2002,71.626,24501530,19014.54118
"1339","Israel","Asia",1972,71.63,3095893,12786.93223
"1340","Serbia","Europe",1992,71.659,9826397,9325.068238
"1341","Colombia","Americas",2002,71.682,41008227,5755.259962
"1342","Philippines","Asia",2007,71.688,91077287,3190.481016
"1343","Paraguay","Americas",2007,71.752,6667147,4172.838464
"1344","Singapore","Asia",1982,71.76,2651869,15169.16112
"1345","Jamaica","Americas",1992,71.766,2378618,7404.923685
"1346","Jamaica","Americas",1987,71.77,2326606,6351.237495
"1347","Turkey","Europe",2007,71.777,71158647,8458.276384
"1348","Denmark","Europe",1957,71.81,4487831,11099.65935
"1349","Sweden","Europe",1952,71.86,7124673,8527.844662
"1350","Argentina","Americas",1992,71.868,33958947,9308.41871
"1351","El Salvador","Americas",2007,71.878,6939688,5728.353514
"1352","New Zealand","Oceania",1972,71.89,2929100,16046.03728
"1353","Reunion","Africa",1987,71.913,562035,5303.377488
"1354","Uruguay","Americas",1987,71.918,3045153,7452.398969
"1355","Australia","Oceania",1972,71.93,13177000,16788.62948
"1356","Malaysia","Asia",1997,71.938,20476091,10132.90964
"1357","Mauritius","Africa",2002,71.954,1200206,9021.815894
"1358","Tunisia","Africa",1997,71.973,9231669,4876.798614
"1359","Lebanon","Asia",2007,71.993,3921278,10461.05868
"1360","Albania","Europe",1987,72,3075321,3738.932735
"1361","Hong Kong, China","Asia",1972,72,4115700,8315.928145
"1362","United Kingdom","Europe",1972,72.01,56079000,15895.11641
"1363","China","Asia",2002,72.028,1280400000,3119.280896
"1364","Ireland","Europe",1977,72.03,3271900,11150.98113
"1365","Jamaica","Americas",2002,72.047,2664659,6994.774861
"1366","Canada","Americas",1967,72.13,20819767,16076.58803
"1367","Netherlands","Europe",1952,72.13,10381988,8941.571858
"1368","Bulgaria","Europe",2002,72.14,7661799,7696.777725
"1369","Venezuela","Americas",1997,72.146,22374398,10165.49518
"1370","Puerto Rico","Americas",1972,72.16,2847132,9123.041742
"1371","Taiwan","Asia",1982,72.16,18501390,7426.354774
"1372","Austria","Europe",1977,72.17,7568430,19749.4223
"1373","Bosnia and Herzegovina","Europe",1992,72.178,4256013,2546.781445
"1374","Italy","Europe",1972,72.19,54365564,12269.27378
"1375","New Zealand","Oceania",1977,72.22,3164900,16233.7177
"1376","Serbia","Europe",1997,72.232,10336594,7914.320304
"1377","Dominican Republic","Americas",2007,72.235,9319622,6025.374752
"1378","Korea, Rep.","Asia",1992,72.244,43805450,12104.27872
"1379","Slovenia","Europe",1987,72.25,1945870,18678.53492
"1380","Jamaica","Americas",1997,72.262,2531311,7121.924704
"1381","Algeria","Africa",2007,72.301,33333216,6223.367465
"1382","Ecuador","Americas",1997,72.312,11911819,7429.455877
"1383","Greece","Europe",1972,72.34,8888628,12724.82957
"1384","Denmark","Europe",1962,72.35,4646899,13583.31351
"1385","West Bank and Gaza","Asia",2002,72.37,3389578,4515.487575
"1386","France","Europe",1972,72.38,51732000,16107.19171
"1387","Brazil","Americas",2007,72.39,190010647,9065.800825
"1388","Sri Lanka","Asia",2007,72.396,20378239,3970.095407
"1389","Czech Republic","Europe",1992,72.4,10315702,14297.02122
"1390","Panama","Americas",1992,72.462,2484997,6618.74305
"1391","Romania","Europe",2007,72.476,22276056,10808.47561
"1392","Iceland","Europe",1952,72.49,147962,7267.688428
"1393","Sweden","Europe",1957,72.49,7363802,9911.878226
"1394","Chile","Americas",1987,72.492,12463354,5547.063754
"1395","Oman","Asia",1997,72.499,2283635,19702.05581
"1396","Germany","Europe",1977,72.5,78160773,20512.92123
"1397","Finland","Europe",1977,72.52,4738902,15605.42283
"1398","Croatia","Europe",1992,72.527,4494013,8447.794873
"1399","Jordan","Asia",2007,72.535,6053193,4519.461171
"1400","Jamaica","Americas",2007,72.567,2780132,7320.880262
"1401","Hungary","Europe",2002,72.59,10083313,14843.93556
"1402","Bahrain","Asia",1992,72.601,529491,19035.57917
"1403","Cuba","Americas",1977,72.649,9537988,6380.494966
"1404","Norway","Europe",1952,72.67,3327728,10095.42172
"1405","Slovak Republic","Europe",1997,72.71,5383010,12126.23065
"1406","Libya","Africa",2002,72.737,5368585,9534.677467
"1407","Poland","Europe",1997,72.75,38654957,10159.58368
"1408","Uruguay","Americas",1992,72.752,3149262,8137.004775
"1409","United Kingdom","Europe",1977,72.76,56179000,17428.74846
"1410","Venezuela","Americas",2002,72.766,24287670,8605.047831
"1411","Portugal","Europe",1982,72.77,9859650,11753.84291
"1412","Switzerland","Europe",1967,72.77,6063000,22966.14432
"1413","Saudi Arabia","Asia",2007,72.777,27601038,21654.83194
"1414","Belgium","Europe",1977,72.8,9821800,19117.97448
"1415","Mauritius","Africa",2007,72.801,1250882,10956.99112
"1416","Canada","Americas",1972,72.88,22284500,18970.57086
"1417","Colombia","Americas",2007,72.889,44227550,7006.580419
"1418","Nicaragua","Americas",2007,72.899,5675356,2749.320965
"1419","Albania","Europe",1997,72.95,3428038,3193.054604
"1420","Denmark","Europe",1967,72.96,4838800,15937.21123
"1421","China","Asia",2007,72.961,1318683096,4959.114854
"1422","Netherlands","Europe",1957,72.99,11026383,11276.19344
"1423","Bulgaria","Europe",2007,73.005,7322858,10680.79282
"1424","Vietnam","Asia",2002,73.017,80908147,1764.456677
"1425","Tunisia","Africa",2002,73.042,9770575,5722.895655
"1426","Malaysia","Asia",2002,73.044,22662365,10206.97794
"1427","Syria","Asia",2002,73.053,17155814,4090.925331
"1428","Israel","Asia",1977,73.06,3495918,13306.61921
"1429","Spain","Europe",1972,73.06,34513161,10638.75131
"1430","Montenegro","Europe",1977,73.066,560073,9595.929905
"1431","Ireland","Europe",1982,73.1,3480000,12618.32141
"1432","Austria","Europe",1982,73.18,7574613,21597.08362
"1433","Serbia","Europe",2002,73.213,10111559,7236.075251
"1434","Netherlands","Europe",1962,73.23,11805689,12790.84956
"1435","Bosnia and Herzegovina","Europe",1997,73.244,3607000,4766.355904
"1436","Argentina","Americas",1997,73.275,36203463,10967.28195
"1437","Hungary","Europe",2007,73.338,9956108,18008.94444
"1438","Sweden","Europe",1962,73.37,7561588,12329.44192
"1439","United States","Americas",1977,73.38,220239000,24072.63213
"1440","Taiwan","Asia",1987,73.4,19757799,11054.56175
"1441","Japan","Asia",1972,73.42,107188273,14778.78636
"1442","West Bank and Gaza","Asia",2007,73.422,4018332,3025.349798
"1443","Norway","Europe",1957,73.44,3491938,11653.97304
"1444","Puerto Rico","Americas",1977,73.44,3080828,9770.524921
"1445","Costa Rica","Americas",1982,73.45,2424367,5262.734751
"1446","Denmark","Europe",1972,73.47,4991596,18866.20721
"1447","Iceland","Europe",1957,73.47,165110,9244.001412
"1448","Norway","Europe",1962,73.47,3638919,13450.40151
"1449","Italy","Europe",1977,73.48,56059245,14255.98475
"1450","Australia","Oceania",1977,73.49,14074100,18334.19751
"1451","Singapore","Asia",1987,73.56,2794552,18861.53081
"1452","Hong Kong, China","Asia",1977,73.6,4583700,11186.14125
"1453","Reunion","Africa",1992,73.615,622191,6101.255823
"1454","Slovenia","Europe",1992,73.64,1999210,14214.71681
"1455","Mexico","Americas",1997,73.67,95895146,9767.29753
"1456","Croatia","Europe",1997,73.68,4444595,9875.604515
"1457","Greece","Europe",1977,73.68,9308479,14195.52428
"1458","Iceland","Europe",1962,73.68,182053,10350.15906
"1459","Cuba","Americas",1982,73.717,9789224,7316.918107
"1460","Iceland","Europe",1967,73.73,198676,13319.89568
"1461","Panama","Americas",1997,73.738,2734531,7113.692252
"1462","Venezuela","Americas",2007,73.747,26084662,11415.80569
"1463","Netherlands","Europe",1972,73.75,13329874,18794.74567
"1464","Puerto Rico","Americas",1982,73.75,3279001,10330.98915
"1465","Switzerland","Europe",1972,73.78,6401400,27195.11304
"1466","Germany","Europe",1982,73.8,78335266,22031.53274
"1467","Slovak Republic","Europe",2002,73.8,5410052,13638.77837
"1468","Netherlands","Europe",1967,73.82,12596822,15363.25136
"1469","France","Europe",1977,73.83,53165019,18292.63514
"1470","New Zealand","Oceania",1982,73.84,3210650,17632.4104
"1471","Puerto Rico","Americas",1992,73.911,3585176,14641.58711
"1472","Tunisia","Africa",2007,73.923,10276158,7092.923025
"1473","Bahrain","Asia",1997,73.925,598561,20292.01679
"1474","Belgium","Europe",1982,73.93,9856303,20979.84589
"1475","Libya","Africa",2007,73.952,6036914,12057.49928
"1476","Montenegro","Europe",2002,73.981,720230,6557.194282
"1477","Serbia","Europe",2007,74.002,10150265,9786.534714
"1478","Czech Republic","Europe",1997,74.01,10300707,16048.51424
"1479","United Kingdom","Europe",1982,74.04,56339704,18232.42452
"1480","Portugal","Europe",1987,74.06,9915289,13039.30876
"1481","Norway","Europe",1967,74.08,3786019,16361.87647
"1482","Bosnia and Herzegovina","Europe",2002,74.09,4165416,6018.975239
"1483","Montenegro","Europe",1982,74.101,562548,11222.58762
"1484","Chile","Americas",1992,74.126,13572994,7596.125964
"1485","Syria","Asia",2007,74.143,19314747,4184.548089
"1486","Sweden","Europe",1967,74.16,7867931,15258.29697
"1487","Ecuador","Americas",2002,74.173,12921234,5773.044512
"1488","Cuba","Americas",1987,74.174,10239839,7532.924763
"1489","Kuwait","Asia",1987,74.174,1891487,28118.42998
"1490","Oman","Asia",2002,74.193,2713462,19774.83687
"1491","Canada","Americas",1977,74.21,23796400,22090.88306
"1492","Uruguay","Americas",1997,74.223,3262838,9230.240708
"1493","Malaysia","Asia",2007,74.241,24821286,12451.6558
"1494","Vietnam","Asia",2007,74.249,85262356,2441.576404
"1495","Taiwan","Asia",1992,74.26,20686918,15215.6579
"1496","New Zealand","Oceania",1987,74.32,3317166,19007.19129
"1497","Argentina","Americas",2002,74.34,38331121,8797.640716
"1498","Norway","Europe",1972,74.34,3933004,18965.05551
"1499","Ireland","Europe",1987,74.36,3539900,13872.86652
"1500","Spain","Europe",1977,74.39,36439000,13236.92117
"1501","Cuba","Americas",1992,74.414,10723260,5592.843963
"1502","Israel","Asia",1982,74.45,3858421,15367.0292
"1503","Iceland","Europe",1972,74.46,209275,15798.06362
"1504","Montenegro","Europe",2007,74.543,684736,9253.896111
"1505","Finland","Europe",1982,74.55,4826933,18533.15761
"1506","Denmark","Europe",1982,74.63,5117810,21688.04048
"1507","Puerto Rico","Americas",1987,74.63,3444468,12281.34191
"1508","Korea, Rep.","Asia",1997,74.647,46173816,15993.52796
"1509","United States","Americas",1982,74.65,232187835,25009.55914
"1510","Slovak Republic","Europe",2007,74.663,5447502,18678.31435
"1511","Poland","Europe",2002,74.67,38625976,12002.23908
"1512","Denmark","Europe",1977,74.69,5088419,20422.9015
"1513","Panama","Americas",2002,74.712,2990875,7356.031934
"1514","Sweden","Europe",1972,74.72,8122293,17832.02464
"1515","Australia","Oceania",1982,74.74,15184200,19477.00928
"1516","Costa Rica","Americas",1987,74.752,2799811,5629.915318
"1517","Reunion","Africa",1997,74.772,684810,6071.941411
"1518","Bahrain","Asia",2002,74.795,656397,23403.55927
"1519","Denmark","Europe",1987,74.8,5127024,25116.17581
"1520","Finland","Europe",1987,74.83,4931729,21141.01223
"1521","Germany","Europe",1987,74.847,77718298,24639.18566
"1522","Bosnia and Herzegovina","Europe",2007,74.852,4552198,7446.298803
"1523","Portugal","Europe",1992,74.86,9927680,16207.26663
"1524","Montenegro","Europe",1987,74.865,569473,11732.51017
"1525","Croatia","Europe",2002,74.876,4481020,11628.38895
"1526","France","Europe",1982,74.89,54433565,20293.89746
"1527","Mexico","Americas",2002,74.902,102479927,10742.44053
"1528","Puerto Rico","Americas",1997,74.917,3759430,16999.4333
"1529","Austria","Europe",1987,74.94,7578903,23687.82607
"1530","Italy","Europe",1982,74.98,56535636,16537.4835
"1531","Ecuador","Americas",2007,74.994,13755680,6873.262326
"1532","United Kingdom","Europe",1987,75.007,56981620,21664.78767
"1533","United States","Americas",1987,75.02,242803533,29884.35041
"1534","Slovenia","Europe",1997,75.13,2011612,17161.10735
"1535","Kuwait","Asia",1992,75.19,1418095,34932.91959
"1536","Greece","Europe",1982,75.24,9786480,15268.42089
"1537","Netherlands","Europe",1977,75.24,13852989,21209.0592
"1538","Taiwan","Asia",1997,75.25,21628605,20206.82098
"1539","Uruguay","Americas",2002,75.307,3363085,7727.002004
"1540","Argentina","Americas",2007,75.32,40301927,12779.37964
"1541","Denmark","Europe",1992,75.33,5171393,26406.73985
"1542","Belgium","Europe",1987,75.35,9870200,22525.56308
"1543","Norway","Europe",1977,75.37,4043205,23311.34939
"1544","Japan","Asia",1977,75.38,113872473,16610.37701
"1545","Switzerland","Europe",1977,75.39,6316424,26982.29052
"1546","Montenegro","Europe",1992,75.435,621621,7003.339037
"1547","Sweden","Europe",1977,75.44,8251648,18855.72521
"1548","Montenegro","Europe",1997,75.445,692651,6465.613349
"1549","Hong Kong, China","Asia",1982,75.45,5264500,14560.53051
"1550","Ireland","Europe",1992,75.467,3557761,17558.81555
"1551","Czech Republic","Europe",2002,75.51,10256295,17596.21022
"1552","Panama","Americas",2007,75.537,3242173,9809.185636
"1553","Poland","Europe",2007,75.563,38518241,15389.92468
"1554","Israel","Asia",1987,75.6,4203148,17122.47986
"1555","Bahrain","Asia",2007,75.635,708573,29796.04834
"1556","Oman","Asia",2007,75.64,3204897,22316.19287
"1557","Albania","Europe",2002,75.651,3508512,4604.211737
"1558","Finland","Europe",1992,75.7,5041039,20647.16499
"1559","Costa Rica","Americas",1992,75.713,3173216,6160.416317
"1560","Reunion","Africa",2002,75.744,743981,6316.1652
"1561","Croatia","Europe",2007,75.748,4493312,14619.22272
"1562","Canada","Americas",1982,75.76,25201900,22898.79214
"1563","Singapore","Asia",1992,75.788,3235865,24769.8912
"1564","Chile","Americas",1997,75.816,14599929,10118.05318
"1565","Norway","Europe",1987,75.89,4186147,31540.9748
"1566","Norway","Europe",1982,75.97,4114787,26298.63531
"1567","Portugal","Europe",1997,75.97,10156415,17641.03156
"1568","Austria","Europe",1992,76.04,7914969,27042.01868
"1569","Netherlands","Europe",1982,76.05,14310401,21399.46046
"1570","Germany","Europe",1992,76.07,80597764,26505.30317
"1571","United States","Americas",1992,76.09,256894189,32003.93224
"1572","Denmark","Europe",1997,76.11,5283663,29804.34567
"1573","Iceland","Europe",1977,76.11,221823,19654.96247
"1574","Ireland","Europe",1997,76.122,3667233,24521.94713
"1575","Cuba","Americas",1997,76.151,10983007,5431.990415
"1576","Kuwait","Asia",1997,76.156,1765345,40300.61996
"1577","Mexico","Americas",2007,76.195,108700891,11977.57496
"1578","Hong Kong, China","Asia",1987,76.2,5584510,20038.47269
"1579","Switzerland","Europe",1982,76.21,6468126,28397.71512
"1580","Spain","Europe",1982,76.3,37983310,13926.16997
"1581","Australia","Oceania",1987,76.32,16257249,21888.88903
"1582","New Zealand","Oceania",1992,76.33,3437674,18363.32494
"1583","France","Europe",1987,76.34,55630100,22066.44214
"1584","Uruguay","Americas",2007,76.384,3447496,10611.46299
"1585","Italy","Europe",1987,76.42,56729703,19207.23482
"1586","Sweden","Europe",1982,76.42,8325260,20667.38125
"1587","United Kingdom","Europe",1992,76.42,57866349,22705.09254
"1588","Albania","Europe",2007,76.423,3600523,5937.029526
"1589","Reunion","Africa",2007,76.442,798094,7670.122558
"1590","Belgium","Europe",1992,76.46,10045622,25575.57069
"1591","Czech Republic","Europe",2007,76.486,10228744,22833.30851
"1592","Slovenia","Europe",2002,76.66,2011497,20660.01936
"1593","Greece","Europe",1987,76.67,9974490,16120.52839
"1594","United States","Americas",1997,76.81,272911760,35767.43303
"1595","Netherlands","Europe",1987,76.83,14665278,23651.32361
"1596","Canada","Americas",1987,76.86,26549700,26626.51503
"1597","Spain","Europe",1987,76.9,38880702,15764.98313
"1598","Kuwait","Asia",2002,76.904,2111561,35110.10566
"1599","Israel","Asia",1992,76.93,4936550,18051.52254
"1600","Iceland","Europe",1982,76.99,233997,23269.6075
"1601","Taiwan","Asia",2002,76.99,22454239,23235.42329
"1602","Greece","Europe",1992,77.03,10325429,17541.49634
"1603","Korea, Rep.","Asia",2002,77.045,47969150,19233.98818
"1604","Japan","Asia",1982,77.11,118454974,19384.10571
"1605","Finland","Europe",1997,77.13,5134406,23723.9502
"1606","Cuba","Americas",2002,77.158,11226999,6340.646683
"1607","Singapore","Asia",1997,77.158,3802309,33519.4766
"1608","Denmark","Europe",2002,77.18,5374693,32166.50006
"1609","Sweden","Europe",1987,77.19,8421403,23586.92927
"1610","United Kingdom","Europe",1997,77.218,58808266,26074.53136
"1611","Iceland","Europe",1987,77.23,244676,26923.20628
"1612","Costa Rica","Americas",1997,77.26,3518107,6677.045314
"1613","Portugal","Europe",2002,77.29,10433867,19970.90787
"1614","United States","Americas",2002,77.31,287675526,39097.09955
"1615","Norway","Europe",1992,77.32,4286357,33965.66115
"1616","Germany","Europe",1997,77.34,82011073,27788.88416
"1617","Switzerland","Europe",1987,77.41,6649942,30281.70459
"1618","Netherlands","Europe",1992,77.42,15174244,26790.94961
"1619","Italy","Europe",1992,77.44,56840847,22013.64486
"1620","France","Europe",1992,77.46,57374179,24703.79615
"1621","Austria","Europe",1997,77.51,8069876,29095.92066
"1622","Belgium","Europe",1997,77.53,10199787,27561.19663
"1623","New Zealand","Oceania",1997,77.55,3676187,21050.41377
"1624","Australia","Oceania",1992,77.56,17481977,23424.76683
"1625","Spain","Europe",1992,77.57,39549438,18603.06452
"1626","Kuwait","Asia",2007,77.588,2505559,47306.98978
"1627","Hong Kong, China","Asia",1992,77.601,5829696,24757.60301
"1628","Puerto Rico","Americas",2002,77.778,3859606,18855.60618
"1629","Ireland","Europe",2002,77.783,3879155,34077.04939
"1630","Chile","Americas",2002,77.86,15497046,10778.78385
"1631","Greece","Europe",1997,77.869,10502372,18747.69814
"1632","Slovenia","Europe",2007,77.926,2009245,25768.25759
"1633","Canada","Americas",1992,77.95,28523502,26342.88426
"1634","Netherlands","Europe",1997,78.03,15604464,30246.13063
"1635","Switzerland","Europe",1992,78.03,6995447,31871.5303
"1636","Portugal","Europe",2007,78.098,10642836,20509.64777
"1637","Costa Rica","Americas",2002,78.123,3834934,7723.447195
"1638","Sweden","Europe",1992,78.16,8718867,23880.01683
"1639","United States","Americas",2007,78.242,301139947,42951.65309
"1640","Greece","Europe",2002,78.256,10603863,22514.2548
"1641","Israel","Asia",1997,78.269,5531387,20896.60924
"1642","Cuba","Americas",2007,78.273,11416987,8948.102923
"1643","Belgium","Europe",2002,78.32,10311970,30485.88375
"1644","Norway","Europe",1997,78.32,4405672,41283.16433
"1645","Denmark","Europe",2007,78.332,5468120,35278.41874
"1646","Finland","Europe",2002,78.37,5193039,28204.59057
"1647","Taiwan","Asia",2007,78.4,23174294,28718.27684
"1648","United Kingdom","Europe",2002,78.471,59912431,29478.99919
"1649","Netherlands","Europe",2002,78.53,16122830,33724.75778
"1650","Chile","Americas",2007,78.553,16284741,13171.63885
"1651","Canada","Americas",1997,78.61,30305843,28954.92589
"1652","Korea, Rep.","Asia",2007,78.623,49044790,23348.13973
"1653","France","Europe",1997,78.64,58623428,25889.78487
"1654","Germany","Europe",2002,78.67,82350671,30035.80198
"1655","Japan","Asia",1987,78.67,122091325,22375.94189
"1656","Puerto Rico","Americas",2007,78.746,3942491,19328.70901
"1657","Iceland","Europe",1992,78.77,259012,25144.39201
"1658","Singapore","Asia",2002,78.77,4197776,36023.1054
"1659","Spain","Europe",1997,78.77,39855442,20445.29896
"1660","Costa Rica","Americas",2007,78.782,4133884,9645.06142
"1661","Italy","Europe",1997,78.82,57479469,24675.02446
"1662","Australia","Oceania",1997,78.83,18565243,26997.93657
"1663","Ireland","Europe",2007,78.885,4109086,40675.99635
"1664","Iceland","Europe",1997,78.95,271192,28061.09966
"1665","Austria","Europe",2002,78.98,8148312,32417.60769
"1666","Norway","Europe",2002,79.05,4535591,44683.97525
"1667","New Zealand","Oceania",2002,79.11,3908037,23189.80135
"1668","Finland","Europe",2007,79.313,5238460,33207.0844
"1669","Japan","Asia",1992,79.36,124329269,26824.89511
"1670","Switzerland","Europe",1997,79.37,7193761,32135.32301
"1671","Sweden","Europe",1997,79.39,8897619,25266.59499
"1672","Germany","Europe",2007,79.406,82400996,32170.37442
"1673","United Kingdom","Europe",2007,79.425,60776238,33203.26128
"1674","Belgium","Europe",2007,79.441,10392226,33692.60508
"1675","Greece","Europe",2007,79.483,10706290,27538.41188
"1676","France","Europe",2002,79.59,59925035,28926.03234
"1677","Israel","Asia",2002,79.696,6029529,21905.59514
"1678","Netherlands","Europe",2007,79.762,16570613,36797.93332
"1679","Canada","Americas",2002,79.77,31902268,33328.96507
"1680","Spain","Europe",2002,79.78,40152517,24835.47166
"1681","Austria","Europe",2007,79.829,8199783,36126.4927
"1682","Singapore","Asia",2007,79.972,4553009,47143.17964
"1683","Hong Kong, China","Asia",1997,80,6495918,28377.63219
"1684","Sweden","Europe",2002,80.04,8954175,29341.63093
"1685","Norway","Europe",2007,80.196,4627926,49357.19017
"1686","New Zealand","Oceania",2007,80.204,4115771,25185.00911
"1687","Italy","Europe",2002,80.24,57926999,27968.09817
"1688","Australia","Oceania",2002,80.37,19546792,30687.75473
"1689","Iceland","Europe",2002,80.5,288030,31163.20196
"1690","Italy","Europe",2007,80.546,58147733,28569.7197
"1691","Switzerland","Europe",2002,80.62,7361757,34480.95771
"1692","Canada","Americas",2007,80.653,33390141,36319.23501
"1693","France","Europe",2007,80.657,61083916,30470.0167
"1694","Japan","Asia",1997,80.69,125956499,28816.58499
"1695","Israel","Asia",2007,80.745,6426679,25523.2771
"1696","Sweden","Europe",2007,80.884,9031088,33859.74835
"1697","Spain","Europe",2007,80.941,40448191,28821.0637
"1698","Australia","Oceania",2007,81.235,20434176,34435.36744
"1699","Hong Kong, China","Asia",2002,81.495,6762476,30209.01516
"1700","Switzerland","Europe",2007,81.701,7554661,37506.41907
"1701","Iceland","Europe",2007,81.757,301931,36180.78919
"1702","Japan","Asia",2002,82,127065841,28604.5919
"1703","Hong Kong, China","Asia",2007,82.208,6980412,39724.97867
"1704","Japan","Asia",2007,82.603,127467972,31656.06806
